1,car_sensitivityFactor,1.2,0.0,1.2,1.2,truck_sensitivityFactor,1.2,0.0,1.2,1.2,truck_reactionTime,1.2,1.3,1.7,1.0,car_reactionTime,1.2,1.2,1.6,1.0,truck_maxAccel,1.2,0.5,0.6,1.8,car_speedAcceptance,1.2,0.1,0.85,1.1,RMS,39.517933540483568,124.98343103773375
2,car_sensitivityFactor,0.7,0.0,0.7,0.7,truck_sensitivityFactor,1.34,0.0,1.34,1.34,truck_reactionTime,1.0,1.3,1.7,1.0,car_reactionTime,0.6,1.2,1.6,1.0,truck_maxAccel,1.57,0.5,0.6,1.8,car_speedAcceptance,1.15,0.1,0.85,1.1,RMS,155.12259269361198,120.50078944138053
3,car_sensitivityFactor,0.58,0.0,0.58,0.58,truck_sensitivityFactor,0.75,0.0,0.75,0.75,truck_reactionTime,0.6,1.3,1.7,1.0,car_reactionTime,1.6,1.2,1.6,1.0,truck_maxAccel,1.74,0.5,0.6,1.8,car_speedAcceptance,1.18,0.1,0.85,1.1,RMS,48.916281566931893,46.927162443819597
4,car_sensitivityFactor,0.71,0.0,0.71,0.71,truck_sensitivityFactor,1.22,0.0,1.22,1.22,truck_reactionTime,1.6,1.3,1.7,1.0,car_reactionTime,1.4,1.2,1.6,1.0,truck_maxAccel,1.31,0.5,0.6,1.8,car_speedAcceptance,1.25,0.1,0.85,1.1,RMS,38.026180640804725,127.24454253227158
5,car_sensitivityFactor,0.75,0.0,0.75,0.75,truck_sensitivityFactor,1.26,0.0,1.26,1.26,truck_reactionTime,1.6,1.3,1.7,1.0,car_reactionTime,1.4,1.2,1.6,1.0,truck_maxAccel,1.31,0.5,0.6,1.8,car_speedAcceptance,1.27,0.1,0.85,1.1,RMS,36.773798420041238,127.71498781589273
6,car_sensitivityFactor,0.87,0.0,0.87,0.87,truck_sensitivityFactor,1.38,0.0,1.38,1.38,truck_reactionTime,1.6,1.3,1.7,1.0,car_reactionTime,1.4,1.2,1.6,1.0,truck_maxAccel,1.31,0.5,0.6,1.8,car_speedAcceptance,1.3,0.1,0.85,1.1,RMS,33.658299478760156,145.58742266629338
7,car_sensitivityFactor,1.35,0.0,1.35,1.35,truck_sensitivityFactor,1.5,0.0,1.5,1.5,truck_reactionTime,1.6,1.3,1.7,1.0,car_reactionTime,1.4,1.2,1.6,1.0,truck_maxAccel,1.31,0.5,0.6,1.8,car_speedAcceptance,1.3,0.1,0.85,1.1,RMS,54.440895110129794,196.68225920224816
8,car_sensitivityFactor,0.79,0.0,0.79,0.79,truck_sensitivityFactor,1.3,0.0,1.3,1.3,truck_reactionTime,1.0,1.3,1.7,1.0,car_reactionTime,1.4,1.2,1.6,1.0,truck_maxAccel,1.36,0.5,0.6,1.8,car_speedAcceptance,1.26,0.1,0.85,1.1,RMS,35.70019658436059,88.656120330622883
9,car_sensitivityFactor,1.07,0.0,1.07,1.07,truck_sensitivityFactor,1.5,0.0,1.5,1.5,truck_reactionTime,0.8,1.3,1.7,1.0,car_reactionTime,1.6,1.2,1.6,1.0,truck_maxAccel,1.31,0.5,0.6,1.8,car_speedAcceptance,1.29,0.1,0.85,1.1,RMS,45.279928397362575,177.86375204142155
10,car_sensitivityFactor,0.87,0.0,0.87,0.87,truck_sensitivityFactor,1.38,0.0,1.38,1.38,truck_reactionTime,1.6,1.3,1.7,1.0,car_reactionTime,1.4,1.2,1.6,1.0,truck_maxAccel,0.81,0.5,0.6,1.8,car_speedAcceptance,1.3,0.1,0.85,1.1,RMS,32.25339030341658,162.97791562773546
11,car_sensitivityFactor,0.87,0.0,0.87,0.87,truck_sensitivityFactor,1.38,0.0,1.38,1.38,truck_reactionTime,1.6,1.3,1.7,1.0,car_reactionTime,1.4,1.2,1.6,1.0,truck_maxAccel,0.6,0.5,0.6,1.8,car_speedAcceptance,1.3,0.1,0.85,1.1,RMS,34.751102090369322,175.47086641782079
12,car_sensitivityFactor,0.71,0.0,0.71,0.71,truck_sensitivityFactor,1.5,0.0,1.5,1.5,truck_reactionTime,1.4,1.3,1.7,1.0,car_reactionTime,1.6,1.2,1.6,1.0,truck_maxAccel,0.61,0.5,0.6,1.8,car_speedAcceptance,1.3,0.1,0.85,1.1,RMS,34.893041608166172,186.36363913996229
13,car_sensitivityFactor,0.79,0.0,0.79,0.79,truck_sensitivityFactor,1.46,0.0,1.46,1.46,truck_reactionTime,1.6,1.3,1.7,1.0,car_reactionTime,1.6,1.2,1.6,1.0,truck_maxAccel,0.71,0.5,0.6,1.8,car_speedAcceptance,1.29,0.1,0.85,1.1,RMS,32.333307395654032,189.41252762182424
14,car_sensitivityFactor,1.2,0.0,1.2,1.2,truck_sensitivityFactor,1.2,0.0,1.2,1.2,truck_reactionTime,1.2,1.3,1.7,1.0,car_reactionTime,1.2,1.2,1.6,1.0,truck_maxAccel,1.2,0.5,0.6,1.8,car_speedAcceptance,1.2,0.1,0.85,1.1,RMS,39.517933540483568,124.98343103773375
15,car_sensitivityFactor,0.7,0.0,0.7,0.7,truck_sensitivityFactor,1.34,0.0,1.34,1.34,truck_reactionTime,1.0,1.3,1.7,1.0,car_reactionTime,0.6,1.2,1.6,1.0,truck_maxAccel,1.57,0.5,0.6,1.8,car_speedAcceptance,1.15,0.1,0.85,1.1,RMS,155.12259269361198,120.50078944138053
16,car_sensitivityFactor,0.58,0.0,0.58,0.58,truck_sensitivityFactor,0.75,0.0,0.75,0.75,truck_reactionTime,0.6,1.3,1.7,1.0,car_reactionTime,1.6,1.2,1.6,1.0,truck_maxAccel,1.74,0.5,0.6,1.8,car_speedAcceptance,1.18,0.1,0.85,1.1,RMS,48.916281566931893,46.927162443819597
17,car_sensitivityFactor,0.71,0.0,0.71,0.71,truck_sensitivityFactor,1.22,0.0,1.22,1.22,truck_reactionTime,1.6,1.3,1.7,1.0,car_reactionTime,1.4,1.2,1.6,1.0,truck_maxAccel,1.31,0.5,0.6,1.8,car_speedAcceptance,1.25,0.1,0.85,1.1,RMS,38.026180640804725,127.24454253227158
18,car_sensitivityFactor,0.55,0.0,0.55,0.55,truck_sensitivityFactor,1.06,0.0,1.06,1.06,truck_reactionTime,1.2,1.3,1.7,1.0,car_reactionTime,0.4,1.2,1.6,1.0,truck_maxAccel,1.66,0.5,0.6,1.8,car_speedAcceptance,1.14,0.1,0.85,1.1,RMS,173.80951595860012,138.84235161322073
19,car_sensitivityFactor,0.97,0.0,0.97,0.97,truck_sensitivityFactor,1.46,0.0,1.46,1.46,truck_reactionTime,0.8,1.3,1.7,1.0,car_reactionTime,1.2,1.2,1.6,1.0,truck_maxAccel,1.03,0.5,0.6,1.8,car_speedAcceptance,1.28,0.1,0.85,1.1,RMS,38.69062224205183,105.15029058332019
20,car_sensitivityFactor,0.83,0.0,0.83,0.83,truck_sensitivityFactor,1.43,0.0,1.43,1.43,truck_reactionTime,1.2,1.3,1.7,1.0,car_reactionTime,0.8,1.2,1.6,1.0,truck_maxAccel,0.91,0.5,0.6,1.8,car_speedAcceptance,1.21,0.1,0.85,1.1,RMS,42.823092166315377,65.565267270155772
21,car_sensitivityFactor,0.86,0.0,0.86,0.86,truck_sensitivityFactor,1.37,0.0,1.37,1.37,truck_reactionTime,0.4,1.3,1.7,1.0,car_reactionTime,0.6,1.2,1.6,1.0,truck_maxAccel,0.75,0.5,0.6,1.8,car_speedAcceptance,1.27,0.1,0.85,1.1,RMS,175.33217417812529,137.30816130279979
22,car_sensitivityFactor,1.24,0.0,1.24,1.24,truck_sensitivityFactor,1.24,0.0,1.24,1.24,truck_reactionTime,1.4,1.3,1.7,1.0,car_reactionTime,1.2,1.2,1.6,1.0,truck_maxAccel,1.2,0.5,0.6,1.8,car_speedAcceptance,1.22,0.1,0.85,1.1,RMS,43.429003500467786,144.97535117604852
23,car_sensitivityFactor,1.2,0.0,1.2,1.2,truck_sensitivityFactor,1.2,0.0,1.2,1.2,truck_reactionTime,1.2,1.3,1.7,1.0,car_reactionTime,1.2,1.2,1.6,1.0,truck_maxAccel,1.3,0.5,0.6,1.8,car_speedAcceptance,1.2,0.1,0.85,1.1,RMS,39.097249211365757,126.58520311554088
24,car_sensitivityFactor,1.12,0.0,1.12,1.12,truck_sensitivityFactor,1.24,0.0,1.24,1.24,truck_reactionTime,1.0,1.3,1.7,1.0,car_reactionTime,1.4,1.2,1.6,1.0,truck_maxAccel,1.2,0.5,0.6,1.8,car_speedAcceptance,1.21,0.1,0.85,1.1,RMS,41.932578789918146,154.35429747465443
25,car_sensitivityFactor,1.24,0.0,1.24,1.24,truck_sensitivityFactor,1.24,0.0,1.24,1.24,truck_reactionTime,1.2,1.3,1.7,1.0,car_reactionTime,1.6,1.2,1.6,1.0,truck_maxAccel,1.2,0.5,0.6,1.8,car_speedAcceptance,1.2,0.1,0.85,1.1,RMS,45.415856502623697,196.44824920696593
26,car_sensitivityFactor,1.16,0.0,1.16,1.16,truck_sensitivityFactor,1.16,0.0,1.16,1.16,truck_reactionTime,1.6,1.3,1.7,1.0,car_reactionTime,1.2,1.2,1.6,1.0,truck_maxAccel,1.2,0.5,0.6,1.8,car_speedAcceptance,1.21,0.1,0.85,1.1,RMS,41.100830932294457,148.0621584999015
27,car_sensitivityFactor,1.2,0.0,1.2,1.2,truck_sensitivityFactor,1.2,0.0,1.2,1.2,truck_reactionTime,1.0,1.3,1.7,1.0,car_reactionTime,0.4,1.2,1.6,1.0,truck_maxAccel,1.1,0.5,0.6,1.8,car_speedAcceptance,1.15,0.1,0.85,1.1,RMS,122.49515815549434,96.75981604160927
28,car_sensitivityFactor,1.16,0.0,1.16,1.16,truck_sensitivityFactor,1.2,0.0,1.2,1.2,truck_reactionTime,1.2,1.3,1.7,1.0,car_reactionTime,1.4,1.2,1.6,1.0,truck_maxAccel,1.1,0.5,0.6,1.8,car_speedAcceptance,1.19,0.1,0.85,1.1,RMS,39.236058041255028,156.79773989494871
29,car_sensitivityFactor,1.16,0.0,1.16,1.16,truck_sensitivityFactor,1.2,0.0,1.2,1.2,truck_reactionTime,1.0,1.3,1.7,1.0,car_reactionTime,1.2,1.2,1.6,1.0,truck_maxAccel,1.15,0.5,0.6,1.8,car_speedAcceptance,1.21,0.1,0.85,1.1,RMS,38.816269137632126,109.43005256026244
30,car_sensitivityFactor,1.16,0.0,1.16,1.16,truck_sensitivityFactor,1.2,0.0,1.2,1.2,truck_reactionTime,0.4,1.3,1.7,1.0,car_reactionTime,0.6,1.2,1.6,1.0,truck_maxAccel,1.3,0.5,0.6,1.8,car_speedAcceptance,1.27,0.1,0.85,1.1,RMS,159.04982703815347,124.47601368394021
31,car_sensitivityFactor,1.16,0.0,1.16,1.16,truck_sensitivityFactor,1.2,0.0,1.2,1.2,truck_reactionTime,0.4,1.3,1.7,1.0,car_reactionTime,0.4,1.2,1.6,1.0,truck_maxAccel,1.8,0.5,0.6,1.8,car_speedAcceptance,1.3,0.1,0.85,1.1,RMS,187.40018942360709,154.70571746530226
32,car_sensitivityFactor,0.72,0.0,0.72,0.72,truck_sensitivityFactor,0.92,0.0,0.92,0.92,truck_reactionTime,1.4,1.3,1.7,1.0,car_reactionTime,0.8,1.2,1.6,1.0,truck_maxAccel,1.3,0.5,0.6,1.8,car_speedAcceptance,1.26,0.1,0.85,1.1,RMS,48.331841468306607,37.588032053098978
33,car_sensitivityFactor,1.12,0.0,1.12,1.12,truck_sensitivityFactor,1.28,0.0,1.28,1.28,truck_reactionTime,0.4,1.3,1.7,1.0,car_reactionTime,0.4,1.2,1.6,1.0,truck_maxAccel,1.4,0.5,0.6,1.8,car_speedAcceptance,1.26,0.1,0.85,1.1,RMS,184.9400468016741,151.74074534591682
34,car_sensitivityFactor,0.8,0.0,0.8,0.8,truck_sensitivityFactor,1.16,0.0,1.16,1.16,truck_reactionTime,0.4,1.3,1.7,1.0,car_reactionTime,1.0,1.2,1.6,1.0,truck_maxAccel,1.25,0.5,0.6,1.8,car_speedAcceptance,1.27,0.1,0.85,1.1,RMS,139.0291954018403,99.769791066351274
35,car_sensitivityFactor,1.2,0.0,1.2,1.2,truck_sensitivityFactor,1.5,0.0,1.5,1.5,truck_reactionTime,0.4,1.3,1.7,1.0,car_reactionTime,1.6,1.2,1.6,1.0,truck_maxAccel,1.25,0.5,0.6,1.8,car_speedAcceptance,1.28,0.1,0.85,1.1,RMS,47.339143950857824,157.20100598910741
36,car_sensitivityFactor,1.16,0.0,1.16,1.16,truck_sensitivityFactor,1.16,0.0,1.16,1.16,truck_reactionTime,0.4,1.3,1.7,1.0,car_reactionTime,1.0,1.2,1.6,1.0,truck_maxAccel,1.25,0.5,0.6,1.8,car_speedAcceptance,1.17,0.1,0.85,1.1,RMS,44.49968147105929,105.77062635072846
37,car_sensitivityFactor,0.92,0.0,0.92,0.92,truck_sensitivityFactor,1.4,0.0,1.4,1.4,truck_reactionTime,0.8,1.3,1.7,1.0,car_reactionTime,0.8,1.2,1.6,1.0,truck_maxAccel,1.25,0.5,0.6,1.8,car_speedAcceptance,1.21,0.1,0.85,1.1,RMS,43.839999439815053,72.554219370206425
38,car_sensitivityFactor,1.08,0.0,1.08,1.08,truck_sensitivityFactor,1.28,0.0,1.28,1.28,truck_reactionTime,0.4,1.3,1.7,1.0,car_reactionTime,0.4,1.2,1.6,1.0,truck_maxAccel,1.4,0.5,0.6,1.8,car_speedAcceptance,1.3,0.1,0.85,1.1,RMS,187.64047370924385,153.68826200332546
39,car_sensitivityFactor,1.08,0.0,1.08,1.08,truck_sensitivityFactor,1.28,0.0,1.28,1.28,truck_reactionTime,0.4,1.3,1.7,1.0,car_reactionTime,1.0,1.2,1.6,1.0,truck_maxAccel,1.4,0.5,0.6,1.8,car_speedAcceptance,1.25,0.1,0.85,1.1,RMS,39.699163759155134,91.859168439627553
40,car_sensitivityFactor,1.28,0.0,1.28,1.28,truck_sensitivityFactor,1.28,0.0,1.28,1.28,truck_reactionTime,0.4,1.3,1.7,1.0,car_reactionTime,0.4,1.2,1.6,1.0,truck_maxAccel,1.4,0.5,0.6,1.8,car_speedAcceptance,1.25,0.1,0.85,1.1,RMS,175.85360066719073,145.73886446563134
41,car_sensitivityFactor,1.08,0.0,1.08,1.08,truck_sensitivityFactor,1.08,0.0,1.08,1.08,truck_reactionTime,0.4,1.3,1.7,1.0,car_reactionTime,0.4,1.2,1.6,1.0,truck_maxAccel,1.4,0.5,0.6,1.8,car_speedAcceptance,1.25,0.1,0.85,1.1,RMS,191.10974538258827,156.9949772049477
42,car_sensitivityFactor,1.16,0.0,1.16,1.16,truck_sensitivityFactor,1.2,0.0,1.2,1.2,truck_reactionTime,1.4,1.3,1.7,1.0,car_reactionTime,0.6,1.2,1.6,1.0,truck_maxAccel,1.3,0.5,0.6,1.8,car_speedAcceptance,1.27,0.1,0.85,1.1,RMS,33.682351157481662,52.361003847867401
43,car_sensitivityFactor,1.17,0.0,1.17,1.17,truck_sensitivityFactor,1.18,0.0,1.18,1.18,truck_reactionTime,0.4,1.3,1.7,1.0,car_reactionTime,0.4,1.2,1.6,1.0,truck_maxAccel,1.23,0.5,0.6,1.8,car_speedAcceptance,1.28,0.1,0.85,1.1,RMS,183.04572074321072,149.71296515391026
44,car_sensitivityFactor,0.73,0.0,0.73,0.73,truck_sensitivityFactor,0.94,0.0,0.94,0.94,truck_reactionTime,1.0,1.3,1.7,1.0,car_reactionTime,1.4,1.2,1.6,1.0,truck_maxAccel,1.03,0.5,0.6,1.8,car_speedAcceptance,1.18,0.1,0.85,1.1,RMS,36.814385422198093,72.826741579745686
45,car_sensitivityFactor,1.13,0.0,1.13,1.13,truck_sensitivityFactor,1.5,0.0,1.5,1.5,truck_reactionTime,0.4,1.3,1.7,1.0,car_reactionTime,0.6,1.2,1.6,1.0,truck_maxAccel,1.23,0.5,0.6,1.8,car_speedAcceptance,1.26,0.1,0.85,1.1,RMS,147.22828436329263,116.45642321816439
46,car_sensitivityFactor,1.17,0.0,1.17,1.17,truck_sensitivityFactor,1.18,0.0,1.18,1.18,truck_reactionTime,1.6,1.3,1.7,1.0,car_reactionTime,0.4,1.2,1.6,1.0,truck_maxAccel,1.23,0.5,0.6,1.8,car_speedAcceptance,1.28,0.1,0.85,1.1,RMS,43.813131576016119,67.97461013919451
47,car_sensitivityFactor,1.08,0.0,1.08,1.08,truck_sensitivityFactor,1.18,0.0,1.18,1.18,truck_reactionTime,0.4,1.3,1.7,1.0,car_reactionTime,0.4,1.2,1.6,1.0,truck_maxAccel,1.23,0.5,0.6,1.8,car_speedAcceptance,1.29,0.1,0.85,1.1,RMS,188.86423578453093,154.2049914714982
48,car_sensitivityFactor,0.93,0.0,0.93,0.93,truck_sensitivityFactor,1.26,0.0,1.26,1.26,truck_reactionTime,0.8,1.3,1.7,1.0,car_reactionTime,0.8,1.2,1.6,1.0,truck_maxAccel,1.18,0.5,0.6,1.8,car_speedAcceptance,1.22,0.1,0.85,1.1,RMS,43.368868370091363,73.463622576635316
49,car_sensitivityFactor,1.17,0.0,1.17,1.17,truck_sensitivityFactor,1.3,0.0,1.3,1.3,truck_reactionTime,0.8,1.3,1.7,1.0,car_reactionTime,0.6,1.2,1.6,1.0,truck_maxAccel,1.18,0.5,0.6,1.8,car_speedAcceptance,1.3,0.1,0.85,1.1,RMS,66.635437054343356,64.87864376036265
50,car_sensitivityFactor,1.17,0.0,1.17,1.17,truck_sensitivityFactor,1.3,0.0,1.3,1.3,truck_reactionTime,0.4,1.3,1.7,1.0,car_reactionTime,0.4,1.2,1.6,1.0,truck_maxAccel,1.28,0.5,0.6,1.8,car_speedAcceptance,1.25,0.1,0.85,1.1,RMS,179.99972324239044,148.82848574890494
51,car_sensitivityFactor,1.17,0.0,1.17,1.17,truck_sensitivityFactor,1.22,0.0,1.22,1.22,truck_reactionTime,0.4,1.3,1.7,1.0,car_reactionTime,0.4,1.2,1.6,1.0,truck_maxAccel,1.23,0.5,0.6,1.8,car_speedAcceptance,1.3,0.1,0.85,1.1,RMS,182.87795632931858,149.18338521783156
52,car_sensitivityFactor,1.17,0.0,1.17,1.17,truck_sensitivityFactor,1.18,0.0,1.18,1.18,truck_reactionTime,0.4,1.3,1.7,1.0,car_reactionTime,0.4,1.2,1.6,1.0,truck_maxAccel,1.23,0.5,0.6,1.8,car_speedAcceptance,1.29,0.1,0.85,1.1,RMS,182.64858212335508,149.3706028701381
53,car_sensitivityFactor,1.12,0.0,1.12,1.12,truck_sensitivityFactor,1.15,0.0,1.15,1.15,truck_reactionTime,0.6,1.3,1.7,1.0,car_reactionTime,1.6,1.2,1.6,1.0,truck_maxAccel,1.22,0.5,0.6,1.8,car_speedAcceptance,1.27,0.1,0.85,1.1,RMS,44.899131441149699,164.45038541377841
54,car_sensitivityFactor,1.13,0.0,1.13,1.13,truck_sensitivityFactor,1.18,0.0,1.18,1.18,truck_reactionTime,0.6,1.3,1.7,1.0,car_reactionTime,0.6,1.2,1.6,1.0,truck_maxAccel,1.23,0.5,0.6,1.8,car_speedAcceptance,1.26,0.1,0.85,1.1,RMS,120.59745428766198,101.34162857134348
55,car_sensitivityFactor,1.17,0.0,1.17,1.17,truck_sensitivityFactor,1.18,0.0,1.18,1.18,truck_reactionTime,0.4,1.3,1.7,1.0,car_reactionTime,0.8,1.2,1.6,1.0,truck_maxAccel,1.23,0.5,0.6,1.8,car_speedAcceptance,1.27,0.1,0.85,1.1,RMS,61.012733664762585,80.793231110425936
56,car_sensitivityFactor,1.17,0.0,1.17,1.17,truck_sensitivityFactor,1.26,0.0,1.26,1.26,truck_reactionTime,0.4,1.3,1.7,1.0,car_reactionTime,0.4,1.2,1.6,1.0,truck_maxAccel,1.18,0.5,0.6,1.8,car_speedAcceptance,1.27,0.1,0.85,1.1,RMS,180.04088226475685,147.69403810703542
57,car_sensitivityFactor,1.13,0.0,1.13,1.13,truck_sensitivityFactor,1.14,0.0,1.14,1.14,truck_reactionTime,0.6,1.3,1.7,1.0,car_reactionTime,0.4,1.2,1.6,1.0,truck_maxAccel,1.13,0.5,0.6,1.8,car_speedAcceptance,1.28,0.1,0.85,1.1,RMS,176.61895806940143,142.90308532126318
58,car_sensitivityFactor,1.13,0.0,1.13,1.13,truck_sensitivityFactor,1.14,0.0,1.14,1.14,truck_reactionTime,0.6,1.3,1.7,1.0,car_reactionTime,0.4,1.2,1.6,1.0,truck_maxAccel,1.28,0.5,0.6,1.8,car_speedAcceptance,1.26,0.1,0.85,1.1,RMS,178.92515990387372,146.88853107123731
59,car_sensitivityFactor,1.17,0.0,1.17,1.17,truck_sensitivityFactor,1.18,0.0,1.18,1.18,truck_reactionTime,0.8,1.3,1.7,1.0,car_reactionTime,0.4,1.2,1.6,1.0,truck_maxAccel,1.28,0.5,0.6,1.8,car_speedAcceptance,1.29,0.1,0.85,1.1,RMS,162.19743151171514,127.16234172019281
60,car_sensitivityFactor,1.18,0.0,1.18,1.18,truck_sensitivityFactor,1.19,0.0,1.19,1.19,truck_reactionTime,0.4,1.3,1.7,1.0,car_reactionTime,0.4,1.2,1.6,1.0,truck_maxAccel,1.24,0.5,0.6,1.8,car_speedAcceptance,1.28,0.1,0.85,1.1,RMS,181.87051480053015,149.04676609038614
61,car_sensitivityFactor,1.1,0.0,1.1,1.1,truck_sensitivityFactor,1.23,0.0,1.23,1.23,truck_reactionTime,0.6,1.3,1.7,1.0,car_reactionTime,0.8,1.2,1.6,1.0,truck_maxAccel,1.26,0.5,0.6,1.8,car_speedAcceptance,1.27,0.1,0.85,1.1,RMS,47.892283506666601,91.831821606215613
62,car_sensitivityFactor,1.16,0.0,1.16,1.16,truck_sensitivityFactor,1.2,0.0,1.2,1.2,truck_reactionTime,0.6,1.3,1.7,1.0,car_reactionTime,0.4,1.2,1.6,1.0,truck_maxAccel,1.26,0.5,0.6,1.8,car_speedAcceptance,1.28,0.1,0.85,1.1,RMS,174.54235151144621,140.54036595242542
63,car_sensitivityFactor,1.19,0.0,1.19,1.19,truck_sensitivityFactor,1.2,0.0,1.2,1.2,truck_reactionTime,0.6,1.3,1.7,1.0,car_reactionTime,0.4,1.2,1.6,1.0,truck_maxAccel,1.19,0.5,0.6,1.8,car_speedAcceptance,1.28,0.1,0.85,1.1,RMS,172.21352473377615,136.41133655223302
64,car_sensitivityFactor,1.16,0.0,1.16,1.16,truck_sensitivityFactor,1.19,0.0,1.19,1.19,truck_reactionTime,0.4,1.3,1.7,1.0,car_reactionTime,0.4,1.2,1.6,1.0,truck_maxAccel,1.24,0.5,0.6,1.8,car_speedAcceptance,1.3,0.1,0.85,1.1,RMS,183.40899833674811,149.72032623800237
65,car_sensitivityFactor,1.2,0.0,1.2,1.2,truck_sensitivityFactor,1.2,0.0,1.2,1.2,truck_reactionTime,0.4,1.3,1.7,1.0,car_reactionTime,0.4,1.2,1.6,1.0,truck_maxAccel,1.27,0.5,0.6,1.8,car_speedAcceptance,1.28,0.1,0.85,1.1,RMS,181.13513538863739,148.67490424514691
66,car_sensitivityFactor,1.1,0.0,1.1,1.1,truck_sensitivityFactor,1.15,0.0,1.15,1.15,truck_reactionTime,0.4,1.3,1.7,1.0,car_reactionTime,0.4,1.2,1.6,1.0,truck_maxAccel,1.22,0.5,0.6,1.8,car_speedAcceptance,1.26,0.1,0.85,1.1,RMS,188.00256216166164,153.55228214127015
67,car_sensitivityFactor,1.19,0.0,1.19,1.19,truck_sensitivityFactor,1.19,0.0,1.19,1.19,truck_reactionTime,1.4,1.3,1.7,1.0,car_reactionTime,1.2,1.2,1.6,1.0,truck_maxAccel,1.17,0.5,0.6,1.8,car_speedAcceptance,1.2,0.1,0.85,1.1,RMS,37.970352511485544,135.23870444257551
68,car_sensitivityFactor,1.2,0.0,1.2,1.2,truck_sensitivityFactor,1.2,0.0,1.2,1.2,truck_reactionTime,1.2,1.3,1.7,1.0,car_reactionTime,1.6,1.2,1.6,1.0,truck_maxAccel,1.2,0.5,0.6,1.8,car_speedAcceptance,1.2,0.1,0.85,1.1,RMS,42.903833397202135,190.049090096611
69,car_sensitivityFactor,1.2,0.0,1.2,1.2,truck_sensitivityFactor,1.24,0.0,1.24,1.24,truck_reactionTime,1.4,1.3,1.7,1.0,car_reactionTime,1.2,1.2,1.6,1.0,truck_maxAccel,1.21,0.5,0.6,1.8,car_speedAcceptance,1.2,0.1,0.85,1.1,RMS,46.779380497600897,149.60377377095443
70,car_sensitivityFactor,1.21,0.0,1.21,1.21,truck_sensitivityFactor,1.23,0.0,1.23,1.23,truck_reactionTime,0.4,1.3,1.7,1.0,car_reactionTime,1.2,1.2,1.6,1.0,truck_maxAccel,1.17,0.5,0.6,1.8,car_speedAcceptance,1.18,0.1,0.85,1.1,RMS,44.203384604925482,114.6008151656236
71,car_sensitivityFactor,1.18,0.0,1.18,1.18,truck_sensitivityFactor,1.22,0.0,1.22,1.22,truck_reactionTime,1.2,1.3,1.7,1.0,car_reactionTime,1.4,1.2,1.6,1.0,truck_maxAccel,1.2,0.5,0.6,1.8,car_speedAcceptance,1.22,0.1,0.85,1.1,RMS,39.82805012017932,158.08367614220126
72,car_sensitivityFactor,1.16,0.0,1.16,1.16,truck_sensitivityFactor,1.24,0.0,1.24,1.24,truck_reactionTime,1.2,1.3,1.7,1.0,car_reactionTime,0.6,1.2,1.6,1.0,truck_maxAccel,1.15,0.5,0.6,1.8,car_speedAcceptance,1.2,0.1,0.85,1.1,RMS,31.780845508646625,55.429731958080453
73,car_sensitivityFactor,1.16,0.0,1.16,1.16,truck_sensitivityFactor,1.16,0.0,1.16,1.16,truck_reactionTime,0.8,1.3,1.7,1.0,car_reactionTime,0.8,1.2,1.6,1.0,truck_maxAccel,1.25,0.5,0.6,1.8,car_speedAcceptance,1.21,0.1,0.85,1.1,RMS,46.744587583993876,102.05266382241517
74,car_sensitivityFactor,1.04,0.0,1.04,1.04,truck_sensitivityFactor,1.04,0.0,1.04,1.04,truck_reactionTime,0.4,1.3,1.7,1.0,car_reactionTime,0.4,1.2,1.6,1.0,truck_maxAccel,1.4,0.5,0.6,1.8,car_speedAcceptance,1.24,0.1,0.85,1.1,RMS,191.78907676559498,157.01723800934303
75,car_sensitivityFactor,0.92,0.0,0.92,0.92,truck_sensitivityFactor,1.4,0.0,1.4,1.4,truck_reactionTime,1.4,1.3,1.7,1.0,car_reactionTime,0.6,1.2,1.6,1.0,truck_maxAccel,1.3,0.5,0.6,1.8,car_speedAcceptance,1.26,0.1,0.85,1.1,RMS,53.310022500639576,76.627241621242362
76,car_sensitivityFactor,1.16,0.0,1.16,1.16,truck_sensitivityFactor,1.24,0.0,1.24,1.24,truck_reactionTime,0.8,1.3,1.7,1.0,car_reactionTime,1.6,1.2,1.6,1.0,truck_maxAccel,1.35,0.5,0.6,1.8,car_speedAcceptance,1.19,0.1,0.85,1.1,RMS,45.747088442750751,175.45624733443339
77,car_sensitivityFactor,1.16,0.0,1.16,1.16,truck_sensitivityFactor,1.28,0.0,1.28,1.28,truck_reactionTime,0.8,1.3,1.7,1.0,car_reactionTime,0.4,1.2,1.6,1.0,truck_maxAccel,1.2,0.5,0.6,1.8,car_speedAcceptance,1.18,0.1,0.85,1.1,RMS,150.74918830053048,116.96257921496183
78,car_sensitivityFactor,1.16,0.0,1.16,1.16,truck_sensitivityFactor,1.28,0.0,1.28,1.28,truck_reactionTime,0.8,1.3,1.7,1.0,car_reactionTime,0.4,1.2,1.6,1.0,truck_maxAccel,1.4,0.5,0.6,1.8,car_speedAcceptance,1.24,0.1,0.85,1.1,RMS,157.90059647282774,122.35604647721145
79,car_sensitivityFactor,1.16,0.0,1.16,1.16,truck_sensitivityFactor,1.16,0.0,1.16,1.16,truck_reactionTime,0.4,1.3,1.7,1.0,car_reactionTime,0.8,1.2,1.6,1.0,truck_maxAccel,1.25,0.5,0.6,1.8,car_speedAcceptance,1.21,0.1,0.85,1.1,RMS,60.904730926752741,94.54136568885545
80,car_sensitivityFactor,0.96,0.0,0.96,0.96,truck_sensitivityFactor,1.16,0.0,1.16,1.16,truck_reactionTime,0.8,1.3,1.7,1.0,car_reactionTime,0.8,1.2,1.6,1.0,truck_maxAccel,1.25,0.5,0.6,1.8,car_speedAcceptance,1.21,0.1,0.85,1.1,RMS,49.241854808502609,69.197825666880163
81,car_sensitivityFactor,1.16,0.0,1.16,1.16,truck_sensitivityFactor,1.24,0.0,1.24,1.24,truck_reactionTime,0.8,1.3,1.7,1.0,car_reactionTime,1.2,1.2,1.6,1.0,truck_maxAccel,1.1,0.5,0.6,1.8,car_speedAcceptance,1.24,0.1,0.85,1.1,RMS,43.854292282689194,130.19398688455502
82,car_sensitivityFactor,1.08,0.0,1.08,1.08,truck_sensitivityFactor,1.24,0.0,1.24,1.24,truck_reactionTime,1.4,1.3,1.7,1.0,car_reactionTime,0.8,1.2,1.6,1.0,truck_maxAccel,1.35,0.5,0.6,1.8,car_speedAcceptance,1.19,0.1,0.85,1.1,RMS,43.468556338571879,67.344814217594205
83,car_sensitivityFactor,1.16,0.0,1.16,1.16,truck_sensitivityFactor,1.16,0.0,1.16,1.16,truck_reactionTime,0.8,1.3,1.7,1.0,car_reactionTime,0.8,1.2,1.6,1.0,truck_maxAccel,1.3,0.5,0.6,1.8,car_speedAcceptance,1.23,0.1,0.85,1.1,RMS,37.239870508566426,89.76290389679707
84,car_sensitivityFactor,1.16,0.0,1.16,1.16,truck_sensitivityFactor,1.24,0.0,1.24,1.24,truck_reactionTime,0.8,1.3,1.7,1.0,car_reactionTime,0.8,1.2,1.6,1.0,truck_maxAccel,1.25,0.5,0.6,1.8,car_speedAcceptance,1.21,0.1,0.85,1.1,RMS,50.187996665542009,112.91716040245741
85,car_sensitivityFactor,1.16,0.0,1.16,1.16,truck_sensitivityFactor,1.16,0.0,1.16,1.16,truck_reactionTime,0.8,1.3,1.7,1.0,car_reactionTime,1.2,1.2,1.6,1.0,truck_maxAccel,1.2,0.5,0.6,1.8,car_speedAcceptance,1.21,0.1,0.85,1.1,RMS,40.423739868512719,105.83722301521898
86,car_sensitivityFactor,1.12,0.0,1.12,1.12,truck_sensitivityFactor,1.16,0.0,1.16,1.16,truck_reactionTime,1.2,1.3,1.7,1.0,car_reactionTime,0.8,1.2,1.6,1.0,truck_maxAccel,1.15,0.5,0.6,1.8,car_speedAcceptance,1.21,0.1,0.85,1.1,RMS,38.27208255468927,63.146847785912925
87,car_sensitivityFactor,1.12,0.0,1.12,1.12,truck_sensitivityFactor,1.16,0.0,1.16,1.16,truck_reactionTime,0.4,1.3,1.7,1.0,car_reactionTime,0.6,1.2,1.6,1.0,truck_maxAccel,1.2,0.5,0.6,1.8,car_speedAcceptance,1.22,0.1,0.85,1.1,RMS,161.54820954759251,127.61756866009222
88,car_sensitivityFactor,1.13,0.0,1.13,1.13,truck_sensitivityFactor,1.13,0.0,1.13,1.13,truck_reactionTime,1.6,1.3,1.7,1.0,car_reactionTime,1.4,1.2,1.6,1.0,truck_maxAccel,1.35,0.5,0.6,1.8,car_speedAcceptance,1.14,0.1,0.85,1.1,RMS,35.354154171488176,164.48688746705866
89,car_sensitivityFactor,1.14,0.0,1.14,1.14,truck_sensitivityFactor,1.22,0.0,1.22,1.22,truck_reactionTime,1.0,1.3,1.7,1.0,car_reactionTime,0.8,1.2,1.6,1.0,truck_maxAccel,1.27,0.5,0.6,1.8,car_speedAcceptance,1.23,0.1,0.85,1.1,RMS,45.606733590704067,89.498051846957637
90,car_sensitivityFactor,1.17,0.0,1.17,1.17,truck_sensitivityFactor,1.19,0.0,1.19,1.19,truck_reactionTime,0.8,1.3,1.7,1.0,car_reactionTime,0.8,1.2,1.6,1.0,truck_maxAccel,1.22,0.5,0.6,1.8,car_speedAcceptance,1.2,0.1,0.85,1.1,RMS,47.994731106994067,104.19040353772021
91,car_sensitivityFactor,1.09,0.0,1.09,1.09,truck_sensitivityFactor,1.15,0.0,1.15,1.15,truck_reactionTime,0.8,1.3,1.7,1.0,car_reactionTime,0.6,1.2,1.6,1.0,truck_maxAccel,1.24,0.5,0.6,1.8,car_speedAcceptance,1.27,0.1,0.85,1.1,RMS,101.52953599531497,87.897281996144642
92,car_sensitivityFactor,1.14,0.0,1.14,1.14,truck_sensitivityFactor,1.19,0.0,1.19,1.19,truck_reactionTime,1.0,1.3,1.7,1.0,car_reactionTime,0.8,1.2,1.6,1.0,truck_maxAccel,1.23,0.5,0.6,1.8,car_speedAcceptance,1.21,0.1,0.85,1.1,RMS,44.216622519472971,82.074456005269695
93,car_sensitivityFactor,1.16,0.0,1.16,1.16,truck_sensitivityFactor,1.16,0.0,1.16,1.16,truck_reactionTime,0.8,1.3,1.7,1.0,car_reactionTime,1.0,1.2,1.6,1.0,truck_maxAccel,1.25,0.5,0.6,1.8,car_speedAcceptance,1.21,0.1,0.85,1.1,RMS,46.656500753624798,119.77476589542489
94,car_sensitivityFactor,1.16,0.0,1.16,1.16,truck_sensitivityFactor,1.17,0.0,1.17,1.17,truck_reactionTime,1.0,1.3,1.7,1.0,car_reactionTime,0.8,1.2,1.6,1.0,truck_maxAccel,1.25,0.5,0.6,1.8,car_speedAcceptance,1.21,0.1,0.85,1.1,RMS,45.849116100344304,92.27656897565025
95,car_sensitivityFactor,1.12,0.0,1.12,1.12,truck_sensitivityFactor,1.16,0.0,1.16,1.16,truck_reactionTime,0.4,1.3,1.7,1.0,car_reactionTime,0.6,1.2,1.6,1.0,truck_maxAccel,1.22,0.5,0.6,1.8,car_speedAcceptance,1.21,0.1,0.85,1.1,RMS,163.99823563797474,130.67430518402662
96,car_sensitivityFactor,1.18,0.0,1.18,1.18,truck_sensitivityFactor,1.22,0.0,1.22,1.22,truck_reactionTime,1.0,1.3,1.7,1.0,car_reactionTime,0.8,1.2,1.6,1.0,truck_maxAccel,1.19,0.5,0.6,1.8,car_speedAcceptance,1.23,0.1,0.85,1.1,RMS,48.423998414190805,98.102804791726683
97,car_sensitivityFactor,1.17,0.0,1.17,1.17,truck_sensitivityFactor,1.17,0.0,1.17,1.17,truck_reactionTime,1.0,1.3,1.7,1.0,car_reactionTime,0.6,1.2,1.6,1.0,truck_maxAccel,1.25,0.5,0.6,1.8,car_speedAcceptance,1.21,0.1,0.85,1.1,RMS,67.487338161567877,62.074830671782308
98,car_sensitivityFactor,1.16,0.0,1.16,1.16,truck_sensitivityFactor,1.16,0.0,1.16,1.16,truck_reactionTime,0.8,1.3,1.7,1.0,car_reactionTime,0.8,1.2,1.6,1.0,truck_maxAccel,1.18,0.5,0.6,1.8,car_speedAcceptance,1.21,0.1,0.85,1.1,RMS,47.352841162044022,107.88420399606952
99,car_sensitivityFactor,1.16,0.0,1.16,1.16,truck_sensitivityFactor,1.16,0.0,1.16,1.16,truck_reactionTime,1.0,1.3,1.7,1.0,car_reactionTime,1.0,1.2,1.6,1.0,truck_maxAccel,1.25,0.5,0.6,1.8,car_speedAcceptance,1.21,0.1,0.85,1.1,RMS,42.105982121908873,98.117244927139183
100,car_sensitivityFactor,1.16,0.0,1.16,1.16,truck_sensitivityFactor,1.16,0.0,1.16,1.16,truck_reactionTime,0.8,1.3,1.7,1.0,car_reactionTime,0.8,1.2,1.6,1.0,truck_maxAccel,1.25,0.5,0.6,1.8,car_speedAcceptance,1.19,0.1,0.85,1.1,RMS,44.853273781114765,93.417871255369349
101,car_sensitivityFactor,1.15,0.0,1.15,1.15,truck_sensitivityFactor,1.16,0.0,1.16,1.16,truck_reactionTime,0.4,1.3,1.7,1.0,car_reactionTime,0.4,1.2,1.6,1.0,truck_maxAccel,1.31,0.5,0.6,1.8,car_speedAcceptance,1.3,0.1,0.85,1.1,RMS,185.19782617590624,150.93074189105212
102,car_sensitivityFactor,1.18,0.0,1.18,1.18,truck_sensitivityFactor,1.19,0.0,1.19,1.19,truck_reactionTime,0.8,1.3,1.7,1.0,car_reactionTime,1.2,1.2,1.6,1.0,truck_maxAccel,1.23,0.5,0.6,1.8,car_speedAcceptance,1.2,0.1,0.85,1.1,RMS,39.130560347167311,100.4500683400781
103,car_sensitivityFactor,1.12,0.0,1.12,1.12,truck_sensitivityFactor,1.24,0.0,1.24,1.24,truck_reactionTime,1.0,1.3,1.7,1.0,car_reactionTime,0.6,1.2,1.6,1.0,truck_maxAccel,1.2,0.5,0.6,1.8,car_speedAcceptance,1.21,0.1,0.85,1.1,RMS,47.159473575003531,51.356831397572961
104,car_sensitivityFactor,1.0,0.0,1.0,1.0,truck_sensitivityFactor,1.12,0.0,1.12,1.12,truck_reactionTime,1.4,1.3,1.7,1.0,car_reactionTime,0.6,1.2,1.6,1.0,truck_maxAccel,1.15,0.5,0.6,1.8,car_speedAcceptance,1.19,0.1,0.85,1.1,RMS,19.746722538218794,31.220112164402437
105,car_sensitivityFactor,1.04,0.0,1.04,1.04,truck_sensitivityFactor,1.28,0.0,1.28,1.28,truck_reactionTime,1.2,1.3,1.7,1.0,car_reactionTime,0.6,1.2,1.6,1.0,truck_maxAccel,1.25,0.5,0.6,1.8,car_speedAcceptance,1.21,0.1,0.85,1.1,RMS,38.787622384312513,55.860862369594187
106,car_sensitivityFactor,0.8,0.0,0.8,0.8,truck_sensitivityFactor,1.4,0.0,1.4,1.4,truck_reactionTime,1.6,1.3,1.7,1.0,car_reactionTime,0.6,1.2,1.6,1.0,truck_maxAccel,1.4,0.5,0.6,1.8,car_speedAcceptance,1.21,0.1,0.85,1.1,RMS,78.51333343157782,96.670719363326469
107,car_sensitivityFactor,0.84,0.0,0.84,0.84,truck_sensitivityFactor,1.36,0.0,1.36,1.36,truck_reactionTime,1.4,1.3,1.7,1.0,car_reactionTime,0.8,1.2,1.6,1.0,truck_maxAccel,1.1,0.5,0.6,1.8,car_speedAcceptance,1.18,0.1,0.85,1.1,RMS,42.976880113924835,66.558106731087776