1,car_sensitivityFactor,0.6,0.0,0.6,0.6,truck_sensitivityFactor,0.6,0.0,0.6,0.6,truck_reactionTime,0.6,1.3,1.7,1.0,car_reactionTime,0.6,1.2,1.6,1.0,truck_maxAccel,0.7,0.5,0.6,1.8,car_speedAcceptance,1.05,0.1,0.85,1.1,RMS,187.20281610116228,157.59246007044067
2,car_sensitivityFactor,0.7,0.0,0.7,0.7,truck_sensitivityFactor,1.34,0.0,1.34,1.34,truck_reactionTime,1.0,1.3,1.7,1.0,car_reactionTime,0.6,1.2,1.6,1.0,truck_maxAccel,1.57,0.5,0.6,1.8,car_speedAcceptance,1.15,0.1,0.85,1.1,RMS,155.12259269361198,120.50078944138053
3,car_sensitivityFactor,0.74,0.0,0.74,0.74,truck_sensitivityFactor,1.38,0.0,1.38,1.38,truck_reactionTime,1.2,1.3,1.7,1.0,car_reactionTime,0.6,1.2,1.6,1.0,truck_maxAccel,1.57,0.5,0.6,1.8,car_speedAcceptance,1.17,0.1,0.85,1.1,RMS,127.99630884067579,111.23903361875485
4,car_sensitivityFactor,0.86,0.0,0.86,0.86,truck_sensitivityFactor,1.5,0.0,1.5,1.5,truck_reactionTime,1.6,1.3,1.7,1.0,car_reactionTime,0.6,1.2,1.6,1.0,truck_maxAccel,1.57,0.5,0.6,1.8,car_speedAcceptance,1.23,0.1,0.85,1.1,RMS,79.11198070567994,93.624601785742385
5,car_sensitivityFactor,1.34,0.0,1.34,1.34,truck_sensitivityFactor,1.5,0.0,1.5,1.5,truck_reactionTime,1.6,1.3,1.7,1.0,car_reactionTime,0.6,1.2,1.6,1.0,truck_maxAccel,1.57,0.5,0.6,1.8,car_speedAcceptance,1.3,0.1,0.85,1.1,RMS,85.640770186813953,107.21619587313057
6,car_sensitivityFactor,1.02,0.0,1.02,1.02,truck_sensitivityFactor,1.5,0.0,1.5,1.5,truck_reactionTime,1.6,1.3,1.7,1.0,car_reactionTime,1.6,1.2,1.6,1.0,truck_maxAccel,1.62,0.5,0.6,1.8,car_speedAcceptance,1.23,0.1,0.85,1.1,RMS,42.25713088939105,192.99039261798649
7,car_sensitivityFactor,1.5,0.0,1.5,1.5,truck_sensitivityFactor,1.5,0.0,1.5,1.5,truck_reactionTime,1.6,1.3,1.7,1.0,car_reactionTime,1.6,1.2,1.6,1.0,truck_maxAccel,1.77,0.5,0.6,1.8,car_speedAcceptance,1.23,0.1,0.85,1.1,RMS,63.095832015998461,219.98490726322865
8,car_sensitivityFactor,0.82,0.0,0.82,0.82,truck_sensitivityFactor,0.83,0.0,0.83,0.83,truck_reactionTime,1.4,1.3,1.7,1.0,car_reactionTime,1.4,1.2,1.6,1.0,truck_maxAccel,1.52,0.5,0.6,1.8,car_speedAcceptance,1.24,0.1,0.85,1.1,RMS,46.580952201377585,105.35043584176478
9,car_sensitivityFactor,1.5,0.0,1.5,1.5,truck_sensitivityFactor,1.5,0.0,1.5,1.5,truck_reactionTime,1.6,1.3,1.7,1.0,car_reactionTime,1.6,1.2,1.6,1.0,truck_maxAccel,1.62,0.5,0.6,1.8,car_speedAcceptance,1.23,0.1,0.85,1.1,RMS,65.732198811244146,227.32477978432075
10,car_sensitivityFactor,1.02,0.0,1.02,1.02,truck_sensitivityFactor,1.5,0.0,1.5,1.5,truck_reactionTime,1.6,1.3,1.7,1.0,car_reactionTime,1.6,1.2,1.6,1.0,truck_maxAccel,1.8,0.5,0.6,1.8,car_speedAcceptance,1.19,0.1,0.85,1.1,RMS,39.803098337111223,186.24588671147359
11,car_sensitivityFactor,1.02,0.0,1.02,1.02,truck_sensitivityFactor,1.5,0.0,1.5,1.5,truck_reactionTime,1.6,1.3,1.7,1.0,car_reactionTime,1.6,1.2,1.6,1.0,truck_maxAccel,1.8,0.5,0.6,1.8,car_speedAcceptance,1.07,0.1,0.85,1.1,RMS,40.514209904313759,188.06340528396802
12,car_sensitivityFactor,0.82,0.0,0.82,0.82,truck_sensitivityFactor,0.83,0.0,0.83,0.83,truck_reactionTime,1.4,1.3,1.7,1.0,car_reactionTime,1.4,1.2,1.6,1.0,truck_maxAccel,1.5,0.5,0.6,1.8,car_speedAcceptance,1.24,0.1,0.85,1.1,RMS,46.788936533727622,105.70606474822074
13,car_sensitivityFactor,1.02,0.0,1.02,1.02,truck_sensitivityFactor,1.5,0.0,1.5,1.5,truck_reactionTime,1.6,1.3,1.7,1.0,car_reactionTime,1.4,1.2,1.6,1.0,truck_maxAccel,1.8,0.5,0.6,1.8,car_speedAcceptance,1.05,0.1,0.85,1.1,RMS,45.425053451757741,166.53552777653104
14,car_sensitivityFactor,0.5,0.0,0.5,0.5,truck_sensitivityFactor,1.5,0.0,1.5,1.5,truck_reactionTime,1.6,1.3,1.7,1.0,car_reactionTime,1.4,1.2,1.6,1.0,truck_maxAccel,1.8,0.5,0.6,1.8,car_speedAcceptance,1.19,0.1,0.85,1.1,RMS,51.403522707449859,112.53684407384617
15,car_sensitivityFactor,1.14,0.0,1.14,1.14,truck_sensitivityFactor,1.46,0.0,1.46,1.46,truck_reactionTime,1.6,1.3,1.7,1.0,car_reactionTime,0.4,1.2,1.6,1.0,truck_maxAccel,1.8,0.5,0.6,1.8,car_speedAcceptance,1.2,0.1,0.85,1.1,RMS,94.19752605891361,101.87449392990905
16,car_sensitivityFactor,1.06,0.0,1.06,1.06,truck_sensitivityFactor,1.5,0.0,1.5,1.5,truck_reactionTime,1.6,1.3,1.7,1.0,car_reactionTime,1.6,1.2,1.6,1.0,truck_maxAccel,1.8,0.5,0.6,1.8,car_speedAcceptance,1.2,0.1,0.85,1.1,RMS,42.053847351839018,191.77818606738637
17,car_sensitivityFactor,1.02,0.0,1.02,1.02,truck_sensitivityFactor,1.5,0.0,1.5,1.5,truck_reactionTime,1.6,1.3,1.7,1.0,car_reactionTime,1.0,1.2,1.6,1.0,truck_maxAccel,0.6,0.5,0.6,1.8,car_speedAcceptance,1.19,0.1,0.85,1.1,RMS,61.014794702620861,159.8293575087736
18,car_sensitivityFactor,1.04,0.0,1.04,1.04,truck_sensitivityFactor,1.49,0.0,1.49,1.49,truck_reactionTime,1.4,1.3,1.7,1.0,car_reactionTime,1.4,1.2,1.6,1.0,truck_maxAccel,1.8,0.5,0.6,1.8,car_speedAcceptance,1.21,0.1,0.85,1.1,RMS,44.734573404548499,151.0695781083227
19,car_sensitivityFactor,0.74,0.0,0.74,0.74,truck_sensitivityFactor,0.83,0.0,0.83,0.83,truck_reactionTime,1.4,1.3,1.7,1.0,car_reactionTime,1.2,1.2,1.6,1.0,truck_maxAccel,1.5,0.5,0.6,1.8,car_speedAcceptance,1.11,0.1,0.85,1.1,RMS,45.214747343355114,56.708262726369213
20,car_sensitivityFactor,0.94,0.0,0.94,0.94,truck_sensitivityFactor,1.46,0.0,1.46,1.46,truck_reactionTime,0.4,1.3,1.7,1.0,car_reactionTime,1.6,1.2,1.6,1.0,truck_maxAccel,1.8,0.5,0.6,1.8,car_speedAcceptance,1.22,0.1,0.85,1.1,RMS,36.812722368093119,92.274308310584331
21,car_sensitivityFactor,0.7,0.0,0.7,0.7,truck_sensitivityFactor,1.34,0.0,1.34,1.34,truck_reactionTime,0.4,1.3,1.7,1.0,car_reactionTime,1.6,1.2,1.6,1.0,truck_maxAccel,1.8,0.5,0.6,1.8,car_speedAcceptance,1.3,0.1,0.85,1.1,RMS,43.685330370873864,56.715676518203828
22,car_sensitivityFactor,0.74,0.0,0.74,0.74,truck_sensitivityFactor,0.82,0.0,0.82,0.82,truck_reactionTime,0.8,1.3,1.7,1.0,car_reactionTime,1.2,1.2,1.6,1.0,truck_maxAccel,1.4,0.5,0.6,1.8,car_speedAcceptance,1.18,0.1,0.85,1.1,RMS,45.779721522682195,42.653274450524776
23,car_sensitivityFactor,0.54,0.0,0.54,0.54,truck_sensitivityFactor,1.5,0.0,1.5,1.5,truck_reactionTime,0.4,1.3,1.7,1.0,car_reactionTime,1.6,1.2,1.6,1.0,truck_maxAccel,1.8,0.5,0.6,1.8,car_speedAcceptance,1.05,0.1,0.85,1.1,RMS,47.443692602626903,47.822016988596481
24,car_sensitivityFactor,0.62,0.0,0.62,0.62,truck_sensitivityFactor,1.5,0.0,1.5,1.5,truck_reactionTime,1.6,1.3,1.7,1.0,car_reactionTime,1.6,1.2,1.6,1.0,truck_maxAccel,1.8,0.5,0.6,1.8,car_speedAcceptance,1.3,0.1,0.85,1.1,RMS,42.632979961455426,141.01305210738226
25,car_sensitivityFactor,1.5,0.0,1.5,1.5,truck_sensitivityFactor,1.5,0.0,1.5,1.5,truck_reactionTime,0.4,1.3,1.7,1.0,car_reactionTime,1.6,1.2,1.6,1.0,truck_maxAccel,1.8,0.5,0.6,1.8,car_speedAcceptance,1.3,0.1,0.85,1.1,RMS,68.400304879467299,167.12416748875552
26,car_sensitivityFactor,0.74,0.0,0.74,0.74,truck_sensitivityFactor,1.5,0.0,1.5,1.5,truck_reactionTime,0.4,1.3,1.7,1.0,car_reactionTime,1.6,1.2,1.6,1.0,truck_maxAccel,0.6,0.5,0.6,1.8,car_speedAcceptance,1.3,0.1,0.85,1.1,RMS,43.489666300530331,134.05022838013875
27,car_sensitivityFactor,0.5,0.0,0.5,0.5,truck_sensitivityFactor,0.75,0.0,0.75,0.75,truck_reactionTime,1.6,1.3,1.7,1.0,car_reactionTime,0.4,1.2,1.6,1.0,truck_maxAccel,1.8,0.5,0.6,1.8,car_speedAcceptance,1.05,0.1,0.85,1.1,RMS,157.68147754603916,121.94145299744407
28,car_sensitivityFactor,0.74,0.0,0.74,0.74,truck_sensitivityFactor,0.82,0.0,0.82,0.82,truck_reactionTime,0.8,1.3,1.7,1.0,car_reactionTime,1.2,1.2,1.6,1.0,truck_maxAccel,1.5,0.5,0.6,1.8,car_speedAcceptance,1.11,0.1,0.85,1.1,RMS,50.011266073581176,46.794686123398293
29,car_sensitivityFactor,0.98,0.0,0.98,0.98,truck_sensitivityFactor,1.5,0.0,1.5,1.5,truck_reactionTime,0.4,1.3,1.7,1.0,car_reactionTime,1.6,1.2,1.6,1.0,truck_maxAccel,1.6,0.5,0.6,1.8,car_speedAcceptance,1.12,0.1,0.85,1.1,RMS,41.90143697426921,125.64380102999561
30,car_sensitivityFactor,0.94,0.0,0.94,0.94,truck_sensitivityFactor,1.5,0.0,1.5,1.5,truck_reactionTime,1.2,1.3,1.7,1.0,car_reactionTime,1.6,1.2,1.6,1.0,truck_maxAccel,1.8,0.5,0.6,1.8,car_speedAcceptance,1.19,0.1,0.85,1.1,RMS,36.300463527388175,155.99635615070594
31,car_sensitivityFactor,0.94,0.0,0.94,0.94,truck_sensitivityFactor,1.5,0.0,1.5,1.5,truck_reactionTime,1.6,1.3,1.7,1.0,car_reactionTime,1.6,1.2,1.6,1.0,truck_maxAccel,1.8,0.5,0.6,1.8,car_speedAcceptance,1.1,0.1,0.85,1.1,RMS,37.995469858235069,181.15277070965033
32,car_sensitivityFactor,0.74,0.0,0.74,0.74,truck_sensitivityFactor,0.98,0.0,0.98,0.98,truck_reactionTime,1.4,1.3,1.7,1.0,car_reactionTime,1.2,1.2,1.6,1.0,truck_maxAccel,0.9,0.5,0.6,1.8,car_speedAcceptance,1.24,0.1,0.85,1.1,RMS,38.705412566020236,84.218241471772217
33,car_sensitivityFactor,0.5,0.0,0.5,0.5,truck_sensitivityFactor,0.94,0.0,0.94,0.94,truck_reactionTime,1.6,1.3,1.7,1.0,car_reactionTime,1.6,1.2,1.6,1.0,truck_maxAccel,0.85,0.5,0.6,1.8,car_speedAcceptance,1.3,0.1,0.85,1.1,RMS,47.461379947876424,155.75779090010218
34,car_sensitivityFactor,0.66,0.0,0.66,0.66,truck_sensitivityFactor,1.5,0.0,1.5,1.5,truck_reactionTime,0.4,1.3,1.7,1.0,car_reactionTime,1.6,1.2,1.6,1.0,truck_maxAccel,1.2,0.5,0.6,1.8,car_speedAcceptance,1.3,0.1,0.85,1.1,RMS,36.436057025696478,67.056890238761255
35,car_sensitivityFactor,0.58,0.0,0.58,0.58,truck_sensitivityFactor,1.5,0.0,1.5,1.5,truck_reactionTime,1.6,1.3,1.7,1.0,car_reactionTime,1.6,1.2,1.6,1.0,truck_maxAccel,1.1,0.5,0.6,1.8,car_speedAcceptance,1.05,0.1,0.85,1.1,RMS,36.716830693962528,165.10091601826358
36,car_sensitivityFactor,0.58,0.0,0.58,0.58,truck_sensitivityFactor,1.5,0.0,1.5,1.5,truck_reactionTime,1.6,1.3,1.7,1.0,car_reactionTime,1.6,1.2,1.6,1.0,truck_maxAccel,1.8,0.5,0.6,1.8,car_speedAcceptance,1.3,0.1,0.85,1.1,RMS,45.270055989593914,140.21379585987708
37,car_sensitivityFactor,1.5,0.0,1.5,1.5,truck_sensitivityFactor,1.5,0.0,1.5,1.5,truck_reactionTime,1.6,1.3,1.7,1.0,car_reactionTime,1.6,1.2,1.6,1.0,truck_maxAccel,1.35,0.5,0.6,1.8,car_speedAcceptance,1.28,0.1,0.85,1.1,RMS,60.40009966843229,226.02453174418554
38,car_sensitivityFactor,0.98,0.0,0.98,0.98,truck_sensitivityFactor,0.98,0.0,0.98,0.98,truck_reactionTime,1.0,1.3,1.7,1.0,car_reactionTime,1.2,1.2,1.6,1.0,truck_maxAccel,1.5,0.5,0.6,1.8,car_speedAcceptance,1.11,0.1,0.85,1.1,RMS,33.953334187168132,49.937165010610769
39,car_sensitivityFactor,0.86,0.0,0.86,0.86,truck_sensitivityFactor,0.98,0.0,0.98,0.98,truck_reactionTime,1.2,1.3,1.7,1.0,car_reactionTime,1.6,1.2,1.6,1.0,truck_maxAccel,1.6,0.5,0.6,1.8,car_speedAcceptance,1.13,0.1,0.85,1.1,RMS,41.007709999290427,130.05867258543773
40,car_sensitivityFactor,0.82,0.0,0.82,0.82,truck_sensitivityFactor,0.94,0.0,0.94,0.94,truck_reactionTime,0.4,1.3,1.7,1.0,car_reactionTime,1.6,1.2,1.6,1.0,truck_maxAccel,0.6,0.5,0.6,1.8,car_speedAcceptance,1.05,0.1,0.85,1.1,RMS,41.087614885567234,122.55924770320817
41,car_sensitivityFactor,0.5,0.0,0.5,0.5,truck_sensitivityFactor,1.5,0.0,1.5,1.5,truck_reactionTime,1.6,1.3,1.7,1.0,car_reactionTime,0.4,1.2,1.6,1.0,truck_maxAccel,1.8,0.5,0.6,1.8,car_speedAcceptance,1.05,0.1,0.85,1.1,RMS,141.96860139977608,119.76412340628926
42,car_sensitivityFactor,0.9,0.0,0.9,0.9,truck_sensitivityFactor,0.98,0.0,0.98,0.98,truck_reactionTime,0.6,1.3,1.7,1.0,car_reactionTime,1.4,1.2,1.6,1.0,truck_maxAccel,1.4,0.5,0.6,1.8,car_speedAcceptance,1.05,0.1,0.85,1.1,RMS,35.778363614469704,54.723781251117828
43,car_sensitivityFactor,0.5,0.0,0.5,0.5,truck_sensitivityFactor,0.9,0.0,0.9,0.9,truck_reactionTime,1.6,1.3,1.7,1.0,car_reactionTime,1.6,1.2,1.6,1.0,truck_maxAccel,1.0,0.5,0.6,1.8,car_speedAcceptance,1.13,0.1,0.85,1.1,RMS,47.500798494576451,148.9706931397036
44,car_sensitivityFactor,0.54,0.0,0.54,0.54,truck_sensitivityFactor,0.9,0.0,0.9,0.9,truck_reactionTime,0.4,1.3,1.7,1.0,car_reactionTime,1.6,1.2,1.6,1.0,truck_maxAccel,1.8,0.5,0.6,1.8,car_speedAcceptance,1.13,0.1,0.85,1.1,RMS,49.409559631067424,37.451252034467657
45,car_sensitivityFactor,0.8,0.0,0.8,0.8,truck_sensitivityFactor,1.29,0.0,1.29,1.29,truck_reactionTime,1.6,1.3,1.7,1.0,car_reactionTime,0.4,1.2,1.6,1.0,truck_maxAccel,1.8,0.5,0.6,1.8,car_speedAcceptance,1.3,0.1,0.85,1.1,RMS,127.48639396117625,118.32819663379689
46,car_sensitivityFactor,0.98,0.0,0.98,0.98,truck_sensitivityFactor,0.98,0.0,0.98,0.98,truck_reactionTime,1.0,1.3,1.7,1.0,car_reactionTime,1.6,1.2,1.6,1.0,truck_maxAccel,1.5,0.5,0.6,1.8,car_speedAcceptance,1.11,0.1,0.85,1.1,RMS,42.244690946891815,138.67921624226796
47,car_sensitivityFactor,0.91,0.0,0.91,0.91,truck_sensitivityFactor,1.07,0.0,1.07,1.07,truck_reactionTime,1.6,1.3,1.7,1.0,car_reactionTime,0.4,1.2,1.6,1.0,truck_maxAccel,1.5,0.5,0.6,1.8,car_speedAcceptance,1.06,0.1,0.85,1.1,RMS,94.102746322881046,84.470242325335789
48,car_sensitivityFactor,0.9,0.0,0.9,0.9,truck_sensitivityFactor,0.94,0.0,0.94,0.94,truck_reactionTime,0.8,1.3,1.7,1.0,car_reactionTime,0.8,1.2,1.6,1.0,truck_maxAccel,1.55,0.5,0.6,1.8,car_speedAcceptance,1.15,0.1,0.85,1.1,RMS,144.54194224858162,111.8588024819292
49,car_sensitivityFactor,0.9,0.0,0.9,0.9,truck_sensitivityFactor,0.98,0.0,0.98,0.98,truck_reactionTime,1.2,1.3,1.7,1.0,car_reactionTime,0.6,1.2,1.6,1.0,truck_maxAccel,1.4,0.5,0.6,1.8,car_speedAcceptance,1.09,0.1,0.85,1.1,RMS,121.69086827224004,90.608760841068531
50,car_sensitivityFactor,0.96,0.0,0.96,0.96,truck_sensitivityFactor,1.07,0.0,1.07,1.07,truck_reactionTime,0.8,1.3,1.7,1.0,car_reactionTime,1.0,1.2,1.6,1.0,truck_maxAccel,1.68,0.5,0.6,1.8,car_speedAcceptance,1.09,0.1,0.85,1.1,RMS,37.494636726598557,35.593157408671331
51,car_sensitivityFactor,0.98,0.0,0.98,0.98,truck_sensitivityFactor,1.06,0.0,1.06,1.06,truck_reactionTime,1.0,1.3,1.7,1.0,car_reactionTime,1.2,1.2,1.6,1.0,truck_maxAccel,1.5,0.5,0.6,1.8,car_speedAcceptance,1.11,0.1,0.85,1.1,RMS,35.288664186154399,53.096762665912053
52,car_sensitivityFactor,0.94,0.0,0.94,0.94,truck_sensitivityFactor,0.98,0.0,0.98,0.98,truck_reactionTime,1.4,1.3,1.7,1.0,car_reactionTime,1.2,1.2,1.6,1.0,truck_maxAccel,1.45,0.5,0.6,1.8,car_speedAcceptance,1.1,0.1,0.85,1.1,RMS,42.044494946348337,83.902856521721802
53,car_sensitivityFactor,0.94,0.0,0.94,0.94,truck_sensitivityFactor,0.98,0.0,0.98,0.98,truck_reactionTime,0.8,1.3,1.7,1.0,car_reactionTime,1.2,1.2,1.6,1.0,truck_maxAccel,1.6,0.5,0.6,1.8,car_speedAcceptance,1.1,0.1,0.85,1.1,RMS,23.529599120897043,35.572083726555434
54,car_sensitivityFactor,0.82,0.0,0.82,0.82,truck_sensitivityFactor,0.98,0.0,0.98,0.98,truck_reactionTime,0.4,1.3,1.7,1.0,car_reactionTime,1.2,1.2,1.6,1.0,truck_maxAccel,1.8,0.5,0.6,1.8,car_speedAcceptance,1.07,0.1,0.85,1.1,RMS,90.469917547918612,72.413854091441976
55,car_sensitivityFactor,0.9,0.0,0.9,0.9,truck_sensitivityFactor,0.94,0.0,0.94,0.94,truck_reactionTime,1.4,1.3,1.7,1.0,car_reactionTime,1.4,1.2,1.6,1.0,truck_maxAccel,1.7,0.5,0.6,1.8,car_speedAcceptance,1.08,0.1,0.85,1.1,RMS,45.347309215582357,113.76212592434521
56,car_sensitivityFactor,0.94,0.0,0.94,0.94,truck_sensitivityFactor,0.98,0.0,0.98,0.98,truck_reactionTime,1.0,1.3,1.7,1.0,car_reactionTime,1.6,1.2,1.6,1.0,truck_maxAccel,1.55,0.5,0.6,1.8,car_speedAcceptance,1.11,0.1,0.85,1.1,RMS,43.45669694970276,142.38898617875262
57,car_sensitivityFactor,0.98,0.0,0.98,0.98,truck_sensitivityFactor,1.14,0.0,1.14,1.14,truck_reactionTime,0.6,1.3,1.7,1.0,car_reactionTime,1.2,1.2,1.6,1.0,truck_maxAccel,1.7,0.5,0.6,1.8,car_speedAcceptance,1.09,0.1,0.85,1.1,RMS,19.101092966026123,20.705533179739025
58,car_sensitivityFactor,1.1,0.0,1.1,1.1,truck_sensitivityFactor,1.5,0.0,1.5,1.5,truck_reactionTime,0.4,1.3,1.7,1.0,car_reactionTime,1.2,1.2,1.6,1.0,truck_maxAccel,1.8,0.5,0.6,1.8,car_speedAcceptance,1.06,0.1,0.85,1.1,RMS,37.601902388952261,61.404645881161919
59,car_sensitivityFactor,0.74,0.0,0.74,0.74,truck_sensitivityFactor,1.3,0.0,1.3,1.3,truck_reactionTime,1.4,1.3,1.7,1.0,car_reactionTime,1.4,1.2,1.6,1.0,truck_maxAccel,1.3,0.5,0.6,1.8,car_speedAcceptance,1.22,0.1,0.85,1.1,RMS,40.183241728539102,117.03290715523838
60,car_sensitivityFactor,0.66,0.0,0.66,0.66,truck_sensitivityFactor,1.26,0.0,1.26,1.26,truck_reactionTime,0.6,1.3,1.7,1.0,car_reactionTime,1.6,1.2,1.6,1.0,truck_maxAccel,1.5,0.5,0.6,1.8,car_speedAcceptance,1.11,0.1,0.85,1.1,RMS,39.479134658191846,69.982195894610157
61,car_sensitivityFactor,0.98,0.0,0.98,0.98,truck_sensitivityFactor,1.18,0.0,1.18,1.18,truck_reactionTime,1.6,1.3,1.7,1.0,car_reactionTime,1.4,1.2,1.6,1.0,truck_maxAccel,1.65,0.5,0.6,1.8,car_speedAcceptance,1.09,0.1,0.85,1.1,RMS,34.303228933584712,142.79318293118871
62,car_sensitivityFactor,1.06,0.0,1.06,1.06,truck_sensitivityFactor,1.26,0.0,1.26,1.26,truck_reactionTime,0.6,1.3,1.7,1.0,car_reactionTime,1.6,1.2,1.6,1.0,truck_maxAccel,1.5,0.5,0.6,1.8,car_speedAcceptance,1.05,0.1,0.85,1.1,RMS,41.868368493924955,139.74665435920656
63,car_sensitivityFactor,1.14,0.0,1.14,1.14,truck_sensitivityFactor,1.38,0.0,1.38,1.38,truck_reactionTime,0.4,1.3,1.7,1.0,car_reactionTime,1.6,1.2,1.6,1.0,truck_maxAccel,1.8,0.5,0.6,1.8,car_speedAcceptance,1.13,0.1,0.85,1.1,RMS,39.800713485160934,122.81847309136857
64,car_sensitivityFactor,0.9,0.0,0.9,0.9,truck_sensitivityFactor,1.02,0.0,1.02,1.02,truck_reactionTime,0.8,1.3,1.7,1.0,car_reactionTime,1.6,1.2,1.6,1.0,truck_maxAccel,1.8,0.5,0.6,1.8,car_speedAcceptance,1.07,0.1,0.85,1.1,RMS,48.366147908828673,135.60263461610347
65,car_sensitivityFactor,0.98,0.0,0.98,0.98,truck_sensitivityFactor,1.14,0.0,1.14,1.14,truck_reactionTime,0.6,1.3,1.7,1.0,car_reactionTime,1.0,1.2,1.6,1.0,truck_maxAccel,1.7,0.5,0.6,1.8,car_speedAcceptance,1.09,0.1,0.85,1.1,RMS,40.97088667200908,68.116119660393366
66,car_sensitivityFactor,0.78,0.0,0.78,0.78,truck_sensitivityFactor,1.34,0.0,1.34,1.34,truck_reactionTime,0.8,1.3,1.7,1.0,car_reactionTime,1.4,1.2,1.6,1.0,truck_maxAccel,1.7,0.5,0.6,1.8,car_speedAcceptance,1.15,0.1,0.85,1.1,RMS,36.521765398666936,64.466122727577982
67,car_sensitivityFactor,1.02,0.0,1.02,1.02,truck_sensitivityFactor,1.1,0.0,1.1,1.1,truck_reactionTime,0.6,1.3,1.7,1.0,car_reactionTime,1.2,1.2,1.6,1.0,truck_maxAccel,1.7,0.5,0.6,1.8,car_speedAcceptance,1.14,0.1,0.85,1.1,RMS,21.633258868008923,34.732686971248995
68,car_sensitivityFactor,0.98,0.0,0.98,0.98,truck_sensitivityFactor,1.14,0.0,1.14,1.14,truck_reactionTime,0.6,1.3,1.7,1.0,car_reactionTime,1.6,1.2,1.6,1.0,truck_maxAccel,1.7,0.5,0.6,1.8,car_speedAcceptance,1.09,0.1,0.85,1.1,RMS,43.009851310379204,120.57754098237149
69,car_sensitivityFactor,1.02,0.0,1.02,1.02,truck_sensitivityFactor,1.06,0.0,1.06,1.06,truck_reactionTime,0.8,1.3,1.7,1.0,car_reactionTime,1.2,1.2,1.6,1.0,truck_maxAccel,1.8,0.5,0.6,1.8,car_speedAcceptance,1.09,0.1,0.85,1.1,RMS,32.343802783297001,30.888367928206218
70,car_sensitivityFactor,1.02,0.0,1.02,1.02,truck_sensitivityFactor,1.06,0.0,1.06,1.06,truck_reactionTime,0.4,1.3,1.7,1.0,car_reactionTime,1.2,1.2,1.6,1.0,truck_maxAccel,1.65,0.5,0.6,1.8,car_speedAcceptance,1.09,0.1,0.85,1.1,RMS,12.60752803883434,17.949752524380681
71,car_sensitivityFactor,1.02,0.0,1.02,1.02,truck_sensitivityFactor,1.1,0.0,1.1,1.1,truck_reactionTime,1.0,1.3,1.7,1.0,car_reactionTime,1.6,1.2,1.6,1.0,truck_maxAccel,1.5,0.5,0.6,1.8,car_speedAcceptance,1.05,0.1,0.85,1.1,RMS,40.075067950300536,144.37279005543999
72,car_sensitivityFactor,0.98,0.0,0.98,0.98,truck_sensitivityFactor,0.98,0.0,0.98,0.98,truck_reactionTime,0.4,1.3,1.7,1.0,car_reactionTime,1.6,1.2,1.6,1.0,truck_maxAccel,1.8,0.5,0.6,1.8,car_speedAcceptance,1.07,0.1,0.85,1.1,RMS,42.625456739554537,90.120507580052987
73,car_sensitivityFactor,1.06,0.0,1.06,1.06,truck_sensitivityFactor,1.18,0.0,1.18,1.18,truck_reactionTime,1.6,1.3,1.7,1.0,car_reactionTime,1.6,1.2,1.6,1.0,truck_maxAccel,1.75,0.5,0.6,1.8,car_speedAcceptance,1.12,0.1,0.85,1.1,RMS,32.065991899387761,177.77960330220543
74,car_sensitivityFactor,1.06,0.0,1.06,1.06,truck_sensitivityFactor,1.18,0.0,1.18,1.18,truck_reactionTime,0.4,1.3,1.7,1.0,car_reactionTime,1.6,1.2,1.6,1.0,truck_maxAccel,1.3,0.5,0.6,1.8,car_speedAcceptance,1.12,0.1,0.85,1.1,RMS,42.039642388071641,131.37070518897059
75,car_sensitivityFactor,1.02,0.0,1.02,1.02,truck_sensitivityFactor,1.06,0.0,1.06,1.06,truck_reactionTime,0.4,1.3,1.7,1.0,car_reactionTime,1.0,1.2,1.6,1.0,truck_maxAccel,1.65,0.5,0.6,1.8,car_speedAcceptance,1.09,0.1,0.85,1.1,RMS,78.739927099109536,70.287709416128237
76,car_sensitivityFactor,0.78,0.0,0.78,0.78,truck_sensitivityFactor,1.06,0.0,1.06,1.06,truck_reactionTime,1.2,1.3,1.7,1.0,car_reactionTime,1.4,1.2,1.6,1.0,truck_maxAccel,1.7,0.5,0.6,1.8,car_speedAcceptance,1.15,0.1,0.85,1.1,RMS,44.373012509465134,85.666283665747244
77,car_sensitivityFactor,1.02,0.0,1.02,1.02,truck_sensitivityFactor,1.26,0.0,1.26,1.26,truck_reactionTime,0.6,1.3,1.7,1.0,car_reactionTime,1.2,1.2,1.6,1.0,truck_maxAccel,1.7,0.5,0.6,1.8,car_speedAcceptance,1.08,0.1,0.85,1.1,RMS,33.724845593686659,54.070448613782084
78,car_sensitivityFactor,1.02,0.0,1.02,1.02,truck_sensitivityFactor,1.1,0.0,1.1,1.1,truck_reactionTime,0.4,1.3,1.7,1.0,car_reactionTime,1.0,1.2,1.6,1.0,truck_maxAccel,1.55,0.5,0.6,1.8,car_speedAcceptance,1.06,0.1,0.85,1.1,RMS,81.09733333651883,69.853268072953455
79,car_sensitivityFactor,1.02,0.0,1.02,1.02,truck_sensitivityFactor,1.02,0.0,1.02,1.02,truck_reactionTime,1.0,1.3,1.7,1.0,car_reactionTime,1.4,1.2,1.6,1.0,truck_maxAccel,1.5,0.5,0.6,1.8,car_speedAcceptance,1.07,0.1,0.85,1.1,RMS,37.888503816910656,100.44634953694887
80,car_sensitivityFactor,1.02,0.0,1.02,1.02,truck_sensitivityFactor,1.1,0.0,1.1,1.1,truck_reactionTime,0.4,1.3,1.7,1.0,car_reactionTime,0.8,1.2,1.6,1.0,truck_maxAccel,1.5,0.5,0.6,1.8,car_speedAcceptance,1.12,0.1,0.85,1.1,RMS,139.04512858343526,109.93655594000022
81,car_sensitivityFactor,1.02,0.0,1.02,1.02,truck_sensitivityFactor,1.06,0.0,1.06,1.06,truck_reactionTime,0.4,1.3,1.7,1.0,car_reactionTime,1.6,1.2,1.6,1.0,truck_maxAccel,1.6,0.5,0.6,1.8,car_speedAcceptance,1.1,0.1,0.85,1.1,RMS,38.389212890834138,100.5856067063627
82,car_sensitivityFactor,0.82,0.0,0.82,0.82,truck_sensitivityFactor,1.06,0.0,1.06,1.06,truck_reactionTime,0.4,1.3,1.7,1.0,car_reactionTime,1.2,1.2,1.6,1.0,truck_maxAccel,1.65,0.5,0.6,1.8,car_speedAcceptance,1.09,0.1,0.85,1.1,RMS,75.010521361390843,63.651346109745646
83,car_sensitivityFactor,1.03,0.0,1.03,1.03,truck_sensitivityFactor,1.05,0.0,1.05,1.05,truck_reactionTime,0.4,1.3,1.7,1.0,car_reactionTime,1.4,1.2,1.6,1.0,truck_maxAccel,1.76,0.5,0.6,1.8,car_speedAcceptance,1.12,0.1,0.85,1.1,RMS,36.110606939584763,57.856225621775351
84,car_sensitivityFactor,0.9,0.0,0.9,0.9,truck_sensitivityFactor,1.02,0.0,1.02,1.02,truck_reactionTime,1.0,1.3,1.7,1.0,car_reactionTime,1.0,1.2,1.6,1.0,truck_maxAccel,1.55,0.5,0.6,1.8,car_speedAcceptance,1.11,0.1,0.85,1.1,RMS,27.048805717562331,28.025207152860741
85,car_sensitivityFactor,1.02,0.0,1.02,1.02,truck_sensitivityFactor,1.06,0.0,1.06,1.06,truck_reactionTime,0.4,1.3,1.7,1.0,car_reactionTime,1.2,1.2,1.6,1.0,truck_maxAccel,1.75,0.5,0.6,1.8,car_speedAcceptance,1.09,0.1,0.85,1.1,RMS,16.659556509521103,17.781681744767937
86,car_sensitivityFactor,1.02,0.0,1.02,1.02,truck_sensitivityFactor,1.06,0.0,1.06,1.06,truck_reactionTime,0.8,1.3,1.7,1.0,car_reactionTime,1.2,1.2,1.6,1.0,truck_maxAccel,1.65,0.5,0.6,1.8,car_speedAcceptance,1.09,0.1,0.85,1.1,RMS,34.41828888181373,36.673597064176604
87,car_sensitivityFactor,0.98,0.0,0.98,0.98,truck_sensitivityFactor,1.14,0.0,1.14,1.14,truck_reactionTime,0.4,1.3,1.7,1.0,car_reactionTime,1.2,1.2,1.6,1.0,truck_maxAccel,1.65,0.5,0.6,1.8,car_speedAcceptance,1.09,0.1,0.85,1.1,RMS,17.488137229499223,28.647442733973278
88,car_sensitivityFactor,0.94,0.0,0.94,0.94,truck_sensitivityFactor,1.06,0.0,1.06,1.06,truck_reactionTime,0.4,1.3,1.7,1.0,car_reactionTime,1.4,1.2,1.6,1.0,truck_maxAccel,1.65,0.5,0.6,1.8,car_speedAcceptance,1.08,0.1,0.85,1.1,RMS,35.082238607470629,46.822611397133848
89,car_sensitivityFactor,1.02,0.0,1.02,1.02,truck_sensitivityFactor,1.02,0.0,1.02,1.02,truck_reactionTime,0.4,1.3,1.7,1.0,car_reactionTime,0.8,1.2,1.6,1.0,truck_maxAccel,1.65,0.5,0.6,1.8,car_speedAcceptance,1.08,0.1,0.85,1.1,RMS,152.49465984362618,121.64417921409586
90,car_sensitivityFactor,0.98,0.0,0.98,0.98,truck_sensitivityFactor,1.06,0.0,1.06,1.06,truck_reactionTime,0.4,1.3,1.7,1.0,car_reactionTime,1.0,1.2,1.6,1.0,truck_maxAccel,1.65,0.5,0.6,1.8,car_speedAcceptance,1.11,0.1,0.85,1.1,RMS,87.066102948845057,73.333088815017163
91,car_sensitivityFactor,1.03,0.0,1.03,1.03,truck_sensitivityFactor,1.1,0.0,1.1,1.1,truck_reactionTime,0.4,1.3,1.7,1.0,car_reactionTime,1.6,1.2,1.6,1.0,truck_maxAccel,1.63,0.5,0.6,1.8,car_speedAcceptance,1.12,0.1,0.85,1.1,RMS,39.613097478167695,105.4838564021141
92,car_sensitivityFactor,1.0,0.0,1.0,1.0,truck_sensitivityFactor,1.02,0.0,1.02,1.02,truck_reactionTime,0.6,1.3,1.7,1.0,car_reactionTime,1.4,1.2,1.6,1.0,truck_maxAccel,1.68,0.5,0.6,1.8,car_speedAcceptance,1.09,0.1,0.85,1.1,RMS,39.274685992161963,64.707000766448246
93,car_sensitivityFactor,1.02,0.0,1.02,1.02,truck_sensitivityFactor,1.1,0.0,1.1,1.1,truck_reactionTime,0.4,1.3,1.7,1.0,car_reactionTime,0.8,1.2,1.6,1.0,truck_maxAccel,1.7,0.5,0.6,1.8,car_speedAcceptance,1.08,0.1,0.85,1.1,RMS,149.66716163673345,117.65667640119176
94,car_sensitivityFactor,1.02,0.0,1.02,1.02,truck_sensitivityFactor,1.18,0.0,1.18,1.18,truck_reactionTime,0.6,1.3,1.7,1.0,car_reactionTime,1.2,1.2,1.6,1.0,truck_maxAccel,1.75,0.5,0.6,1.8,car_speedAcceptance,1.1,0.1,0.85,1.1,RMS,26.51316509750086,32.659059482852278
95,car_sensitivityFactor,1.02,0.0,1.02,1.02,truck_sensitivityFactor,1.42,0.0,1.42,1.42,truck_reactionTime,1.2,1.3,1.7,1.0,car_reactionTime,1.6,1.2,1.6,1.0,truck_maxAccel,1.8,0.5,0.6,1.8,car_speedAcceptance,1.16,0.1,0.85,1.1,RMS,35.458978380670978,160.61916035421567
96,car_sensitivityFactor,0.82,0.0,0.82,0.82,truck_sensitivityFactor,1.34,0.0,1.34,1.34,truck_reactionTime,1.4,1.3,1.7,1.0,car_reactionTime,1.2,1.2,1.6,1.0,truck_maxAccel,1.4,0.5,0.6,1.8,car_speedAcceptance,1.12,0.1,0.85,1.1,RMS,31.377378242574892,92.440934235507498
97,car_sensitivityFactor,1.1,0.0,1.1,1.1,truck_sensitivityFactor,1.1,0.0,1.1,1.1,truck_reactionTime,0.6,1.3,1.7,1.0,car_reactionTime,1.4,1.2,1.6,1.0,truck_maxAccel,1.8,0.5,0.6,1.8,car_speedAcceptance,1.12,0.1,0.85,1.1,RMS,37.203321410416194,92.93622289087142
98,car_sensitivityFactor,0.98,0.0,0.98,0.98,truck_sensitivityFactor,1.22,0.0,1.22,1.22,truck_reactionTime,0.6,1.3,1.7,1.0,car_reactionTime,1.6,1.2,1.6,1.0,truck_maxAccel,1.8,0.5,0.6,1.8,car_speedAcceptance,1.09,0.1,0.85,1.1,RMS,43.808154221196602,127.20567113810927
99,car_sensitivityFactor,1.02,0.0,1.02,1.02,truck_sensitivityFactor,1.18,0.0,1.18,1.18,truck_reactionTime,1.6,1.3,1.7,1.0,car_reactionTime,1.2,1.2,1.6,1.0,truck_maxAccel,1.75,0.5,0.6,1.8,car_speedAcceptance,1.1,0.1,0.85,1.1,RMS,40.550604339219603,118.17792049197114
100,car_sensitivityFactor,1.14,0.0,1.14,1.14,truck_sensitivityFactor,1.26,0.0,1.26,1.26,truck_reactionTime,0.6,1.3,1.7,1.0,car_reactionTime,1.4,1.2,1.6,1.0,truck_maxAccel,1.65,0.5,0.6,1.8,car_speedAcceptance,1.13,0.1,0.85,1.1,RMS,39.266905767740184,107.26434378301838
101,car_sensitivityFactor,0.94,0.0,0.94,0.94,truck_sensitivityFactor,1.06,0.0,1.06,1.06,truck_reactionTime,0.6,1.3,1.7,1.0,car_reactionTime,1.4,1.2,1.6,1.0,truck_maxAccel,1.65,0.5,0.6,1.8,car_speedAcceptance,1.13,0.1,0.85,1.1,RMS,36.622555222658725,57.073621627083689
102,car_sensitivityFactor,0.94,0.0,0.94,0.94,truck_sensitivityFactor,1.22,0.0,1.22,1.22,truck_reactionTime,0.8,1.3,1.7,1.0,car_reactionTime,1.0,1.2,1.6,1.0,truck_maxAccel,1.7,0.5,0.6,1.8,car_speedAcceptance,1.12,0.1,0.85,1.1,RMS,28.058739775460747,38.774549208250562
103,car_sensitivityFactor,0.98,0.0,0.98,0.98,truck_sensitivityFactor,1.18,0.0,1.18,1.18,truck_reactionTime,0.6,1.3,1.7,1.0,car_reactionTime,0.8,1.2,1.6,1.0,truck_maxAccel,1.8,0.5,0.6,1.8,car_speedAcceptance,1.11,0.1,0.85,1.1,RMS,127.66687035813453,106.00182022724707
104,car_sensitivityFactor,1.02,0.0,1.02,1.02,truck_sensitivityFactor,1.18,0.0,1.18,1.18,truck_reactionTime,0.6,1.3,1.7,1.0,car_reactionTime,1.4,1.2,1.6,1.0,truck_maxAccel,1.8,0.5,0.6,1.8,car_speedAcceptance,1.11,0.1,0.85,1.1,RMS,43.734502392540072,99.651506580212725
105,car_sensitivityFactor,1.1,0.0,1.1,1.1,truck_sensitivityFactor,1.18,0.0,1.18,1.18,truck_reactionTime,0.6,1.3,1.7,1.0,car_reactionTime,1.0,1.2,1.6,1.0,truck_maxAccel,1.75,0.5,0.6,1.8,car_speedAcceptance,1.09,0.1,0.85,1.1,RMS,32.724661782812625,64.124635601869358
106,car_sensitivityFactor,1.02,0.0,1.02,1.02,truck_sensitivityFactor,1.26,0.0,1.26,1.26,truck_reactionTime,0.6,1.3,1.7,1.0,car_reactionTime,1.2,1.2,1.6,1.0,truck_maxAccel,1.75,0.5,0.6,1.8,car_speedAcceptance,1.1,0.1,0.85,1.1,RMS,31.315900567794149,35.663443728408517
107,car_sensitivityFactor,0.98,0.0,0.98,0.98,truck_sensitivityFactor,1.18,0.0,1.18,1.18,truck_reactionTime,0.6,1.3,1.7,1.0,car_reactionTime,1.2,1.2,1.6,1.0,truck_maxAccel,1.8,0.5,0.6,1.8,car_speedAcceptance,1.08,0.1,0.85,1.1,RMS,17.296762708099713,20.977700335907954
108,car_sensitivityFactor,0.86,0.0,0.86,0.86,truck_sensitivityFactor,1.18,0.0,1.18,1.18,truck_reactionTime,0.6,1.3,1.7,1.0,car_reactionTime,1.2,1.2,1.6,1.0,truck_maxAccel,1.8,0.5,0.6,1.8,car_speedAcceptance,1.05,0.1,0.85,1.1,RMS,33.563156785064386,36.891219192602549
109,car_sensitivityFactor,0.78,0.0,0.78,0.78,truck_sensitivityFactor,1.34,0.0,1.34,1.34,truck_reactionTime,1.4,1.3,1.7,1.0,car_reactionTime,1.2,1.2,1.6,1.0,truck_maxAccel,1.55,0.5,0.6,1.8,car_speedAcceptance,1.08,0.1,0.85,1.1,RMS,35.471783845098287,77.528821669609101
110,car_sensitivityFactor,0.9,0.0,0.9,0.9,truck_sensitivityFactor,1.14,0.0,1.14,1.14,truck_reactionTime,0.8,1.3,1.7,1.0,car_reactionTime,1.2,1.2,1.6,1.0,truck_maxAccel,1.7,0.5,0.6,1.8,car_speedAcceptance,1.12,0.1,0.85,1.1,RMS,27.407143712965137,37.094529392273216
111,car_sensitivityFactor,1.02,0.0,1.02,1.02,truck_sensitivityFactor,1.02,0.0,1.02,1.02,truck_reactionTime,0.8,1.3,1.7,1.0,car_reactionTime,1.2,1.2,1.6,1.0,truck_maxAccel,1.8,0.5,0.6,1.8,car_speedAcceptance,1.07,0.1,0.85,1.1,RMS,33.467415539596409,35.954076219120644
112,car_sensitivityFactor,0.98,0.0,0.98,0.98,truck_sensitivityFactor,1.18,0.0,1.18,1.18,truck_reactionTime,0.6,1.3,1.7,1.0,car_reactionTime,1.6,1.2,1.6,1.0,truck_maxAccel,1.8,0.5,0.6,1.8,car_speedAcceptance,1.08,0.1,0.85,1.1,RMS,46.240529010094519,132.1233699965691
113,car_sensitivityFactor,1.02,0.0,1.02,1.02,truck_sensitivityFactor,1.22,0.0,1.22,1.22,truck_reactionTime,1.0,1.3,1.7,1.0,car_reactionTime,1.2,1.2,1.6,1.0,truck_maxAccel,1.6,0.5,0.6,1.8,car_speedAcceptance,1.06,0.1,0.85,1.1,RMS,30.867066214199781,66.052457759500953
114,car_sensitivityFactor,1.06,0.0,1.06,1.06,truck_sensitivityFactor,1.22,0.0,1.22,1.22,truck_reactionTime,1.4,1.3,1.7,1.0,car_reactionTime,1.2,1.2,1.6,1.0,truck_maxAccel,1.8,0.5,0.6,1.8,car_speedAcceptance,1.09,0.1,0.85,1.1,RMS,38.104305257741174,105.84203427361476
115,car_sensitivityFactor,0.82,0.0,0.82,0.82,truck_sensitivityFactor,1.22,0.0,1.22,1.22,truck_reactionTime,1.0,1.3,1.7,1.0,car_reactionTime,1.2,1.2,1.6,1.0,truck_maxAccel,1.8,0.5,0.6,1.8,car_speedAcceptance,1.06,0.1,0.85,1.1,RMS,37.879332122778287,41.746107901349525
116,car_sensitivityFactor,1.02,0.0,1.02,1.02,truck_sensitivityFactor,1.22,0.0,1.22,1.22,truck_reactionTime,1.2,1.3,1.7,1.0,car_reactionTime,1.0,1.2,1.6,1.0,truck_maxAccel,1.65,0.5,0.6,1.8,car_speedAcceptance,1.1,0.1,0.85,1.1,RMS,29.556953719293105,46.189517379524375
117,car_sensitivityFactor,0.98,0.0,0.98,0.98,truck_sensitivityFactor,1.18,0.0,1.18,1.18,truck_reactionTime,1.0,1.3,1.7,1.0,car_reactionTime,1.2,1.2,1.6,1.0,truck_maxAccel,1.8,0.5,0.6,1.8,car_speedAcceptance,1.08,0.1,0.85,1.1,RMS,31.625580590218739,47.552377204137585
118,car_sensitivityFactor,0.9,0.0,0.9,0.9,truck_sensitivityFactor,1.26,0.0,1.26,1.26,truck_reactionTime,0.6,1.3,1.7,1.0,car_reactionTime,1.4,1.2,1.6,1.0,truck_maxAccel,1.8,0.5,0.6,1.8,car_speedAcceptance,1.08,0.1,0.85,1.1,RMS,35.927441777736853,56.400337353836967
119,car_sensitivityFactor,0.98,0.0,0.98,0.98,truck_sensitivityFactor,1.18,0.0,1.18,1.18,truck_reactionTime,0.6,1.3,1.7,1.0,car_reactionTime,1.2,1.2,1.6,1.0,truck_maxAccel,1.8,0.5,0.6,1.8,car_speedAcceptance,1.1,0.1,0.85,1.1,RMS,18.401089636783261,16.178109085797324
120,car_sensitivityFactor,0.94,0.0,0.94,0.94,truck_sensitivityFactor,1.1,0.0,1.1,1.1,truck_reactionTime,0.6,1.3,1.7,1.0,car_reactionTime,1.4,1.2,1.6,1.0,truck_maxAccel,1.8,0.5,0.6,1.8,car_speedAcceptance,1.08,0.1,0.85,1.1,RMS,37.936763981629952,53.472466595045944
121,car_sensitivityFactor,1.02,0.0,1.02,1.02,truck_sensitivityFactor,1.22,0.0,1.22,1.22,truck_reactionTime,0.6,1.3,1.7,1.0,car_reactionTime,1.6,1.2,1.6,1.0,truck_maxAccel,1.8,0.5,0.6,1.8,car_speedAcceptance,1.08,0.1,0.85,1.1,RMS,41.914263602109266,124.87642356986171
122,car_sensitivityFactor,1.07,0.0,1.07,1.07,truck_sensitivityFactor,1.1,0.0,1.1,1.1,truck_reactionTime,0.4,1.3,1.7,1.0,car_reactionTime,0.4,1.2,1.6,1.0,truck_maxAccel,1.7,0.5,0.6,1.8,car_speedAcceptance,1.06,0.1,0.85,1.1,RMS,182.60706381674868,157.42653123533302
123,car_sensitivityFactor,0.93,0.0,0.93,0.93,truck_sensitivityFactor,1.18,0.0,1.18,1.18,truck_reactionTime,0.8,1.3,1.7,1.0,car_reactionTime,1.4,1.2,1.6,1.0,truck_maxAccel,1.73,0.5,0.6,1.8,car_speedAcceptance,1.1,0.1,0.85,1.1,RMS,36.759084260754946,74.508286233962579
124,car_sensitivityFactor,0.98,0.0,0.98,0.98,truck_sensitivityFactor,1.18,0.0,1.18,1.18,truck_reactionTime,0.4,1.3,1.7,1.0,car_reactionTime,1.2,1.2,1.6,1.0,truck_maxAccel,1.8,0.5,0.6,1.8,car_speedAcceptance,1.08,0.1,0.85,1.1,RMS,23.114541451907098,29.574297156816648
125,car_sensitivityFactor,0.98,0.0,0.98,0.98,truck_sensitivityFactor,1.23,0.0,1.23,1.23,truck_reactionTime,0.6,1.3,1.7,1.0,car_reactionTime,1.2,1.2,1.6,1.0,truck_maxAccel,1.8,0.5,0.6,1.8,car_speedAcceptance,1.08,0.1,0.85,1.1,RMS,21.486556130771632,23.882010277706883
126,car_sensitivityFactor,0.98,0.0,0.98,0.98,truck_sensitivityFactor,1.18,0.0,1.18,1.18,truck_reactionTime,0.8,1.3,1.7,1.0,car_reactionTime,1.2,1.2,1.6,1.0,truck_maxAccel,1.8,0.5,0.6,1.8,car_speedAcceptance,1.08,0.1,0.85,1.1,RMS,33.194809344299728,34.053312760281187
127,car_sensitivityFactor,1.03,0.0,1.03,1.03,truck_sensitivityFactor,1.18,0.0,1.18,1.18,truck_reactionTime,0.6,1.3,1.7,1.0,car_reactionTime,1.2,1.2,1.6,1.0,truck_maxAccel,1.8,0.5,0.6,1.8,car_speedAcceptance,1.08,0.1,0.85,1.1,RMS,24.851971859514602,19.736640354264971
128,car_sensitivityFactor,0.93,0.0,0.93,0.93,truck_sensitivityFactor,1.18,0.0,1.18,1.18,truck_reactionTime,0.4,1.3,1.7,1.0,car_reactionTime,1.2,1.2,1.6,1.0,truck_maxAccel,1.75,0.5,0.6,1.8,car_speedAcceptance,1.08,0.1,0.85,1.1,RMS,35.536784181181638,35.013618415690821
129,car_sensitivityFactor,1.02,0.0,1.02,1.02,truck_sensitivityFactor,1.06,0.0,1.06,1.06,truck_reactionTime,0.4,1.3,1.7,1.0,car_reactionTime,1.0,1.2,1.6,1.0,truck_maxAccel,1.61,0.5,0.6,1.8,car_speedAcceptance,1.1,0.1,0.85,1.1,RMS,76.197267089178268,67.451746780313599
130,car_sensitivityFactor,1.02,0.0,1.02,1.02,truck_sensitivityFactor,1.06,0.0,1.06,1.06,truck_reactionTime,0.4,1.3,1.7,1.0,car_reactionTime,1.0,1.2,1.6,1.0,truck_maxAccel,1.66,0.5,0.6,1.8,car_speedAcceptance,1.08,0.1,0.85,1.1,RMS,90.928906551438999,77.755447000964182
131,car_sensitivityFactor,1.02,0.0,1.02,1.02,truck_sensitivityFactor,1.11,0.0,1.11,1.11,truck_reactionTime,0.4,1.3,1.7,1.0,car_reactionTime,1.2,1.2,1.6,1.0,truck_maxAccel,1.65,0.5,0.6,1.8,car_speedAcceptance,1.09,0.1,0.85,1.1,RMS,13.545577010676096,29.712884600366898
132,car_sensitivityFactor,1.02,0.0,1.02,1.02,truck_sensitivityFactor,1.06,0.0,1.06,1.06,truck_reactionTime,0.4,1.3,1.7,1.0,car_reactionTime,1.4,1.2,1.6,1.0,truck_maxAccel,1.61,0.5,0.6,1.8,car_speedAcceptance,1.08,0.1,0.85,1.1,RMS,37.852797903353334,65.083366105004146
133,car_sensitivityFactor,1.02,0.0,1.02,1.02,truck_sensitivityFactor,1.06,0.0,1.06,1.06,truck_reactionTime,0.6,1.3,1.7,1.0,car_reactionTime,1.2,1.2,1.6,1.0,truck_maxAccel,1.62,0.5,0.6,1.8,car_speedAcceptance,1.09,0.1,0.85,1.1,RMS,26.350939244093205,28.044382371777381
134,car_sensitivityFactor,0.97,0.0,0.97,0.97,truck_sensitivityFactor,1.01,0.0,1.01,1.01,truck_reactionTime,0.4,1.3,1.7,1.0,car_reactionTime,1.0,1.2,1.6,1.0,truck_maxAccel,1.66,0.5,0.6,1.8,car_speedAcceptance,1.11,0.1,0.85,1.1,RMS,107.81264126234197,86.448456463725734
135,car_sensitivityFactor,1.01,0.0,1.01,1.01,truck_sensitivityFactor,1.08,0.0,1.08,1.08,truck_reactionTime,0.6,1.3,1.7,1.0,car_reactionTime,1.4,1.2,1.6,1.0,truck_maxAccel,1.68,0.5,0.6,1.8,car_speedAcceptance,1.11,0.1,0.85,1.1,RMS,45.734247418937315,105.9627734278954
136,car_sensitivityFactor,0.94,0.0,0.94,0.94,truck_sensitivityFactor,1.14,0.0,1.14,1.14,truck_reactionTime,0.6,1.3,1.7,1.0,car_reactionTime,1.0,1.2,1.6,1.0,truck_maxAccel,1.65,0.5,0.6,1.8,car_speedAcceptance,1.08,0.1,0.85,1.1,RMS,56.233252547228844,58.248010055793721
137,car_sensitivityFactor,0.9,0.0,0.9,0.9,truck_sensitivityFactor,1.18,0.0,1.18,1.18,truck_reactionTime,1.0,1.3,1.7,1.0,car_reactionTime,1.2,1.2,1.6,1.0,truck_maxAccel,1.55,0.5,0.6,1.8,car_speedAcceptance,1.07,0.1,0.85,1.1,RMS,33.039482280390978,59.694703192506445
138,car_sensitivityFactor,1.02,0.0,1.02,1.02,truck_sensitivityFactor,1.06,0.0,1.06,1.06,truck_reactionTime,0.6,1.3,1.7,1.0,car_reactionTime,1.2,1.2,1.6,1.0,truck_maxAccel,1.65,0.5,0.6,1.8,car_speedAcceptance,1.11,0.1,0.85,1.1,RMS,19.503135570607743,23.579386715345244
139,car_sensitivityFactor,1.02,0.0,1.02,1.02,truck_sensitivityFactor,1.06,0.0,1.06,1.06,truck_reactionTime,0.4,1.3,1.7,1.0,car_reactionTime,1.6,1.2,1.6,1.0,truck_maxAccel,1.65,0.5,0.6,1.8,car_speedAcceptance,1.09,0.1,0.85,1.1,RMS,41.473575059644837,109.72892027962067
140,car_sensitivityFactor,1.02,0.0,1.02,1.02,truck_sensitivityFactor,1.14,0.0,1.14,1.14,truck_reactionTime,0.6,1.3,1.7,1.0,car_reactionTime,1.2,1.2,1.6,1.0,truck_maxAccel,1.65,0.5,0.6,1.8,car_speedAcceptance,1.09,0.1,0.85,1.1,RMS,29.175262952876345,38.385829372154234
141,car_sensitivityFactor,0.98,0.0,0.98,0.98,truck_sensitivityFactor,1.06,0.0,1.06,1.06,truck_reactionTime,0.4,1.3,1.7,1.0,car_reactionTime,1.2,1.2,1.6,1.0,truck_maxAccel,1.75,0.5,0.6,1.8,car_speedAcceptance,1.09,0.1,0.85,1.1,RMS,30.154803869962507,29.656498358425591
142,car_sensitivityFactor,0.98,0.0,0.98,0.98,truck_sensitivityFactor,1.1,0.0,1.1,1.1,truck_reactionTime,0.4,1.3,1.7,1.0,car_reactionTime,1.0,1.2,1.6,1.0,truck_maxAccel,1.6,0.5,0.6,1.8,car_speedAcceptance,1.1,0.1,0.85,1.1,RMS,83.89395606353726,72.292009315989034
143,car_sensitivityFactor,1.0,0.0,1.0,1.0,truck_sensitivityFactor,1.05,0.0,1.05,1.05,truck_reactionTime,1.6,1.3,1.7,1.0,car_reactionTime,0.8,1.2,1.6,1.0,truck_maxAccel,1.59,0.5,0.6,1.8,car_speedAcceptance,1.06,0.1,0.85,1.1,RMS,35.675337507209584,44.615952393805657
144,car_sensitivityFactor,0.97,0.0,0.97,0.97,truck_sensitivityFactor,1.02,0.0,1.02,1.02,truck_reactionTime,0.6,1.3,1.7,1.0,car_reactionTime,1.0,1.2,1.6,1.0,truck_maxAccel,1.64,0.5,0.6,1.8,car_speedAcceptance,1.09,0.1,0.85,1.1,RMS,59.808597648683019,58.954473346165216
145,car_sensitivityFactor,1.02,0.0,1.02,1.02,truck_sensitivityFactor,1.06,0.0,1.06,1.06,truck_reactionTime,0.4,1.3,1.7,1.0,car_reactionTime,1.4,1.2,1.6,1.0,truck_maxAccel,1.7,0.5,0.6,1.8,car_speedAcceptance,1.09,0.1,0.85,1.1,RMS,38.886907602655285,62.766970961565903
146,car_sensitivityFactor,1.02,0.0,1.02,1.02,truck_sensitivityFactor,1.06,0.0,1.06,1.06,truck_reactionTime,0.4,1.3,1.7,1.0,car_reactionTime,1.2,1.2,1.6,1.0,truck_maxAccel,1.65,0.5,0.6,1.8,car_speedAcceptance,1.11,0.1,0.85,1.1,RMS,14.69448133885383,27.603322688222502
147,car_sensitivityFactor,1.02,0.0,1.02,1.02,truck_sensitivityFactor,1.07,0.0,1.07,1.07,truck_reactionTime,0.4,1.3,1.7,1.0,car_reactionTime,1.0,1.2,1.6,1.0,truck_maxAccel,1.69,0.5,0.6,1.8,car_speedAcceptance,1.09,0.1,0.85,1.1,RMS,73.034431067549349,75.561597181592987
148,car_sensitivityFactor,1.02,0.0,1.02,1.02,truck_sensitivityFactor,1.06,0.0,1.06,1.06,truck_reactionTime,0.6,1.3,1.7,1.0,car_reactionTime,1.0,1.2,1.6,1.0,truck_maxAccel,1.66,0.5,0.6,1.8,car_speedAcceptance,1.09,0.1,0.85,1.1,RMS,50.658389525373828,53.391469395463623
149,car_sensitivityFactor,0.97,0.0,0.97,0.97,truck_sensitivityFactor,1.0,0.0,1.0,1.0,truck_reactionTime,0.6,1.3,1.7,1.0,car_reactionTime,1.4,1.2,1.6,1.0,truck_maxAccel,1.64,0.5,0.6,1.8,car_speedAcceptance,1.07,0.1,0.85,1.1,RMS,39.492998289241363,82.787475711291563
150,car_sensitivityFactor,0.99,0.0,0.99,0.99,truck_sensitivityFactor,1.08,0.0,1.08,1.08,truck_reactionTime,0.6,1.3,1.7,1.0,car_reactionTime,1.4,1.2,1.6,1.0,truck_maxAccel,1.68,0.5,0.6,1.8,car_speedAcceptance,1.09,0.1,0.85,1.1,RMS,39.564154541163788,75.800845280536521
151,car_sensitivityFactor,1.01,0.0,1.01,1.01,truck_sensitivityFactor,1.06,0.0,1.06,1.06,truck_reactionTime,0.4,1.3,1.7,1.0,car_reactionTime,1.2,1.2,1.6,1.0,truck_maxAccel,1.66,0.5,0.6,1.8,car_speedAcceptance,1.09,0.1,0.85,1.1,RMS,15.508114921250032,19.187706327800889
152,car_sensitivityFactor,1.02,0.0,1.02,1.02,truck_sensitivityFactor,1.06,0.0,1.06,1.06,truck_reactionTime,0.4,1.3,1.7,1.0,car_reactionTime,1.2,1.2,1.6,1.0,truck_maxAccel,1.68,0.5,0.6,1.8,car_speedAcceptance,1.09,0.1,0.85,1.1,RMS,18.019369888522441,26.251148557793439
153,car_sensitivityFactor,1.04,0.0,1.04,1.04,truck_sensitivityFactor,1.06,0.0,1.06,1.06,truck_reactionTime,0.4,1.3,1.7,1.0,car_reactionTime,1.2,1.2,1.6,1.0,truck_maxAccel,1.65,0.5,0.6,1.8,car_speedAcceptance,1.08,0.1,0.85,1.1,RMS,11.739335913389837,12.561866932390556
154,car_sensitivityFactor,1.02,0.0,1.02,1.02,truck_sensitivityFactor,1.11,0.0,1.11,1.11,truck_reactionTime,0.8,1.3,1.7,1.0,car_reactionTime,1.4,1.2,1.6,1.0,truck_maxAccel,1.7,0.5,0.6,1.8,car_speedAcceptance,1.07,0.1,0.85,1.1,RMS,36.619561359554147,84.503940001399997
155,car_sensitivityFactor,1.06,0.0,1.06,1.06,truck_sensitivityFactor,1.1,0.0,1.1,1.1,truck_reactionTime,0.4,1.3,1.7,1.0,car_reactionTime,1.2,1.2,1.6,1.0,truck_maxAccel,1.62,0.5,0.6,1.8,car_speedAcceptance,1.08,0.1,0.85,1.1,RMS,25.625107237063119,35.575027885940806
156,car_sensitivityFactor,1.05,0.0,1.05,1.05,truck_sensitivityFactor,1.05,0.0,1.05,1.05,truck_reactionTime,0.8,1.3,1.7,1.0,car_reactionTime,1.2,1.2,1.6,1.0,truck_maxAccel,1.66,0.5,0.6,1.8,car_speedAcceptance,1.08,0.1,0.85,1.1,RMS,33.638383500081879,45.625177809963191
157,car_sensitivityFactor,1.03,0.0,1.03,1.03,truck_sensitivityFactor,1.07,0.0,1.07,1.07,truck_reactionTime,0.4,1.3,1.7,1.0,car_reactionTime,1.2,1.2,1.6,1.0,truck_maxAccel,1.64,0.5,0.6,1.8,car_speedAcceptance,1.09,0.1,0.85,1.1,RMS,12.123949363880092,13.536423625657818
158,car_sensitivityFactor,1.05,0.0,1.05,1.05,truck_sensitivityFactor,1.05,0.0,1.05,1.05,truck_reactionTime,0.4,1.3,1.7,1.0,car_reactionTime,0.8,1.2,1.6,1.0,truck_maxAccel,1.66,0.5,0.6,1.8,car_speedAcceptance,1.08,0.1,0.85,1.1,RMS,139.07771642153725,112.5397078430364
159,car_sensitivityFactor,1.04,0.0,1.04,1.04,truck_sensitivityFactor,1.06,0.0,1.06,1.06,truck_reactionTime,0.4,1.3,1.7,1.0,car_reactionTime,1.4,1.2,1.6,1.0,truck_maxAccel,1.65,0.5,0.6,1.8,car_speedAcceptance,1.07,0.1,0.85,1.1,RMS,41.005284445085934,80.9701824210387
160,car_sensitivityFactor,1.05,0.0,1.05,1.05,truck_sensitivityFactor,1.08,0.0,1.08,1.08,truck_reactionTime,0.8,1.3,1.7,1.0,car_reactionTime,1.2,1.2,1.6,1.0,truck_maxAccel,1.66,0.5,0.6,1.8,car_speedAcceptance,1.1,0.1,0.85,1.1,RMS,34.417533667008129,46.303467918472677
161,car_sensitivityFactor,1.05,0.0,1.05,1.05,truck_sensitivityFactor,1.06,0.0,1.06,1.06,truck_reactionTime,0.4,1.3,1.7,1.0,car_reactionTime,1.2,1.2,1.6,1.0,truck_maxAccel,1.66,0.5,0.6,1.8,car_speedAcceptance,1.09,0.1,0.85,1.1,RMS,11.525685227741761,13.605387870962321
162,car_sensitivityFactor,0.98,0.0,0.98,0.98,truck_sensitivityFactor,1.11,0.0,1.11,1.11,truck_reactionTime,0.6,1.3,1.7,1.0,car_reactionTime,1.4,1.2,1.6,1.0,truck_maxAccel,1.71,0.5,0.6,1.8,car_speedAcceptance,1.08,0.1,0.85,1.1,RMS,40.520992028973623,79.105414321830764
163,car_sensitivityFactor,1.06,0.0,1.06,1.06,truck_sensitivityFactor,1.09,0.0,1.09,1.09,truck_reactionTime,0.4,1.3,1.7,1.0,car_reactionTime,1.2,1.2,1.6,1.0,truck_maxAccel,1.71,0.5,0.6,1.8,car_speedAcceptance,1.09,0.1,0.85,1.1,RMS,15.422886739100141,21.936813394820629
164,car_sensitivityFactor,1.05,0.0,1.05,1.05,truck_sensitivityFactor,1.05,0.0,1.05,1.05,truck_reactionTime,0.4,1.3,1.7,1.0,car_reactionTime,1.2,1.2,1.6,1.0,truck_maxAccel,1.66,0.5,0.6,1.8,car_speedAcceptance,1.09,0.1,0.85,1.1,RMS,14.289313309271966,21.741951875951315
165,car_sensitivityFactor,1.06,0.0,1.06,1.06,truck_sensitivityFactor,1.08,0.0,1.08,1.08,truck_reactionTime,0.4,1.3,1.7,1.0,car_reactionTime,1.4,1.2,1.6,1.0,truck_maxAccel,1.62,0.5,0.6,1.8,car_speedAcceptance,1.1,0.1,0.85,1.1,RMS,39.999780197469263,76.125455376286055
166,car_sensitivityFactor,0.99,0.0,0.99,0.99,truck_sensitivityFactor,1.04,0.0,1.04,1.04,truck_reactionTime,1.6,1.3,1.7,1.0,car_reactionTime,1.0,1.2,1.6,1.0,truck_maxAccel,1.61,0.5,0.6,1.8,car_speedAcceptance,1.08,0.1,0.85,1.1,RMS,34.239237091171788,68.608951492462978
167,car_sensitivityFactor,1.03,0.0,1.03,1.03,truck_sensitivityFactor,1.08,0.0,1.08,1.08,truck_reactionTime,0.8,1.3,1.7,1.0,car_reactionTime,1.4,1.2,1.6,1.0,truck_maxAccel,1.69,0.5,0.6,1.8,car_speedAcceptance,1.08,0.1,0.85,1.1,RMS,36.067120006690949,86.989109142143377
168,car_sensitivityFactor,1.06,0.0,1.06,1.06,truck_sensitivityFactor,1.06,0.0,1.06,1.06,truck_reactionTime,0.4,1.3,1.7,1.0,car_reactionTime,1.2,1.2,1.6,1.0,truck_maxAccel,1.68,0.5,0.6,1.8,car_speedAcceptance,1.08,0.1,0.85,1.1,RMS,14.964419585565695,21.402742382288849
169,car_sensitivityFactor,1.05,0.0,1.05,1.05,truck_sensitivityFactor,1.07,0.0,1.07,1.07,truck_reactionTime,0.6,1.3,1.7,1.0,car_reactionTime,1.2,1.2,1.6,1.0,truck_maxAccel,1.66,0.5,0.6,1.8,car_speedAcceptance,1.09,0.1,0.85,1.1,RMS,26.936318734336492,27.843304230430796
170,car_sensitivityFactor,1.04,0.0,1.04,1.04,truck_sensitivityFactor,1.08,0.0,1.08,1.08,truck_reactionTime,0.4,1.3,1.7,1.0,car_reactionTime,1.2,1.2,1.6,1.0,truck_maxAccel,1.69,0.5,0.6,1.8,car_speedAcceptance,1.1,0.1,0.85,1.1,RMS,12.732701506755587,19.812009124243566
171,car_sensitivityFactor,1.05,0.0,1.05,1.05,truck_sensitivityFactor,1.05,0.0,1.05,1.05,truck_reactionTime,0.4,1.3,1.7,1.0,car_reactionTime,1.4,1.2,1.6,1.0,truck_maxAccel,1.66,0.5,0.6,1.8,car_speedAcceptance,1.09,0.1,0.85,1.1,RMS,37.725756395976397,54.680917175194153
172,car_sensitivityFactor,1.02,0.0,1.02,1.02,truck_sensitivityFactor,1.03,0.0,1.03,1.03,truck_reactionTime,0.4,1.3,1.7,1.0,car_reactionTime,1.2,1.2,1.6,1.0,truck_maxAccel,1.64,0.5,0.6,1.8,car_speedAcceptance,1.05,0.1,0.85,1.1,RMS,14.774264068012743,18.076426524887498
173,car_sensitivityFactor,1.05,0.0,1.05,1.05,truck_sensitivityFactor,1.11,0.0,1.11,1.11,truck_reactionTime,0.4,1.3,1.7,1.0,car_reactionTime,1.2,1.2,1.6,1.0,truck_maxAccel,1.65,0.5,0.6,1.8,car_speedAcceptance,1.09,0.1,0.85,1.1,RMS,20.084506330591068,23.211301751061356
174,car_sensitivityFactor,1.05,0.0,1.05,1.05,truck_sensitivityFactor,1.05,0.0,1.05,1.05,truck_reactionTime,0.4,1.3,1.7,1.0,car_reactionTime,1.2,1.2,1.6,1.0,truck_maxAccel,1.61,0.5,0.6,1.8,car_speedAcceptance,1.09,0.1,0.85,1.1,RMS,12.416133097796996,18.351175296020163
175,car_sensitivityFactor,1.05,0.0,1.05,1.05,truck_sensitivityFactor,1.06,0.0,1.06,1.06,truck_reactionTime,0.4,1.3,1.7,1.0,car_reactionTime,1.2,1.2,1.6,1.0,truck_maxAccel,1.66,0.5,0.6,1.8,car_speedAcceptance,1.07,0.1,0.85,1.1,RMS,12.628216876597367,15.430679233732162
176,car_sensitivityFactor,1.05,0.0,1.05,1.05,truck_sensitivityFactor,1.06,0.0,1.06,1.06,truck_reactionTime,0.4,1.3,1.7,1.0,car_reactionTime,1.6,1.2,1.6,1.0,truck_maxAccel,1.67,0.5,0.6,1.8,car_speedAcceptance,1.09,0.1,0.85,1.1,RMS,34.881546683406306,94.867308982100568
177,car_sensitivityFactor,0.99,0.0,0.99,0.99,truck_sensitivityFactor,1.01,0.0,1.01,1.01,truck_reactionTime,0.6,1.3,1.7,1.0,car_reactionTime,0.8,1.2,1.6,1.0,truck_maxAccel,1.67,0.5,0.6,1.8,car_speedAcceptance,1.09,0.1,0.85,1.1,RMS,120.34839686591937,103.62252019989155
178,car_sensitivityFactor,1.03,0.0,1.03,1.03,truck_sensitivityFactor,1.08,0.0,1.08,1.08,truck_reactionTime,0.6,1.3,1.7,1.0,car_reactionTime,1.4,1.2,1.6,1.0,truck_maxAccel,1.68,0.5,0.6,1.8,car_speedAcceptance,1.08,0.1,0.85,1.1,RMS,38.419456607109332,76.976736968952906
179,car_sensitivityFactor,0.97,0.0,0.97,0.97,truck_sensitivityFactor,1.14,0.0,1.14,1.14,truck_reactionTime,1.2,1.3,1.7,1.0,car_reactionTime,1.4,1.2,1.6,1.0,truck_maxAccel,1.71,0.5,0.6,1.8,car_speedAcceptance,1.11,0.1,0.85,1.1,RMS,32.576803241079723,106.21341787629288
180,car_sensitivityFactor,0.93,0.0,0.93,0.93,truck_sensitivityFactor,1.06,0.0,1.06,1.06,truck_reactionTime,1.0,1.3,1.7,1.0,car_reactionTime,1.2,1.2,1.6,1.0,truck_maxAccel,1.61,0.5,0.6,1.8,car_speedAcceptance,1.07,0.1,0.85,1.1,RMS,34.89852789232134,49.152873224981768
181,car_sensitivityFactor,1.05,0.0,1.05,1.05,truck_sensitivityFactor,1.14,0.0,1.14,1.14,truck_reactionTime,0.4,1.3,1.7,1.0,car_reactionTime,1.4,1.2,1.6,1.0,truck_maxAccel,1.61,0.5,0.6,1.8,car_speedAcceptance,1.08,0.1,0.85,1.1,RMS,42.886382340855874,87.289428072690811
182,car_sensitivityFactor,1.05,0.0,1.05,1.05,truck_sensitivityFactor,1.1,0.0,1.1,1.1,truck_reactionTime,0.4,1.3,1.7,1.0,car_reactionTime,1.4,1.2,1.6,1.0,truck_maxAccel,1.71,0.5,0.6,1.8,car_speedAcceptance,1.11,0.1,0.85,1.1,RMS,38.284517255590394,63.850281687389568
183,car_sensitivityFactor,1.05,0.0,1.05,1.05,truck_sensitivityFactor,1.06,0.0,1.06,1.06,truck_reactionTime,0.8,1.3,1.7,1.0,car_reactionTime,1.2,1.2,1.6,1.0,truck_maxAccel,1.66,0.5,0.6,1.8,car_speedAcceptance,1.09,0.1,0.85,1.1,RMS,34.897998456470539,48.252606074628133
184,car_sensitivityFactor,1.03,0.0,1.03,1.03,truck_sensitivityFactor,1.11,0.0,1.11,1.11,truck_reactionTime,0.6,1.3,1.7,1.0,car_reactionTime,1.4,1.2,1.6,1.0,truck_maxAccel,1.71,0.5,0.6,1.8,car_speedAcceptance,1.08,0.1,0.85,1.1,RMS,39.086873228870907,87.829212196566587
185,car_sensitivityFactor,1.05,0.0,1.05,1.05,truck_sensitivityFactor,1.08,0.0,1.08,1.08,truck_reactionTime,0.6,1.3,1.7,1.0,car_reactionTime,1.2,1.2,1.6,1.0,truck_maxAccel,1.69,0.5,0.6,1.8,car_speedAcceptance,1.1,0.1,0.85,1.1,RMS,34.182339749502113,50.566595511000571
186,car_sensitivityFactor,1.05,0.0,1.05,1.05,truck_sensitivityFactor,1.09,0.0,1.09,1.09,truck_reactionTime,0.6,1.3,1.7,1.0,car_reactionTime,1.2,1.2,1.6,1.0,truck_maxAccel,1.63,0.5,0.6,1.8,car_speedAcceptance,1.08,0.1,0.85,1.1,RMS,35.641920784659362,45.045840235033914
187,car_sensitivityFactor,1.05,0.0,1.05,1.05,truck_sensitivityFactor,1.07,0.0,1.07,1.07,truck_reactionTime,0.4,1.3,1.7,1.0,car_reactionTime,1.4,1.2,1.6,1.0,truck_maxAccel,1.67,0.5,0.6,1.8,car_speedAcceptance,1.1,0.1,0.85,1.1,RMS,37.547233621909371,64.732548502341814
188,car_sensitivityFactor,1.05,0.0,1.05,1.05,truck_sensitivityFactor,1.06,0.0,1.06,1.06,truck_reactionTime,0.4,1.3,1.7,1.0,car_reactionTime,0.8,1.2,1.6,1.0,truck_maxAccel,1.66,0.5,0.6,1.8,car_speedAcceptance,1.08,0.1,0.85,1.1,RMS,144.50499341931385,113.75604770798208
189,car_sensitivityFactor,1.05,0.0,1.05,1.05,truck_sensitivityFactor,1.08,0.0,1.08,1.08,truck_reactionTime,0.6,1.3,1.7,1.0,car_reactionTime,1.4,1.2,1.6,1.0,truck_maxAccel,1.69,0.5,0.6,1.8,car_speedAcceptance,1.08,0.1,0.85,1.1,RMS,41.100084079829678,90.713609243457952
190,car_sensitivityFactor,1.05,0.0,1.05,1.05,truck_sensitivityFactor,1.06,0.0,1.06,1.06,truck_reactionTime,0.4,1.3,1.7,1.0,car_reactionTime,1.2,1.2,1.6,1.0,truck_maxAccel,1.69,0.5,0.6,1.8,car_speedAcceptance,1.09,0.1,0.85,1.1,RMS,16.119408496714726,26.143360567476854
191,car_sensitivityFactor,1.06,0.0,1.06,1.06,truck_sensitivityFactor,1.06,0.0,1.06,1.06,truck_reactionTime,0.6,1.3,1.7,1.0,car_reactionTime,1.4,1.2,1.6,1.0,truck_maxAccel,1.66,0.5,0.6,1.8,car_speedAcceptance,1.09,0.1,0.85,1.1,RMS,39.606129809023621,85.548040397349894
192,car_sensitivityFactor,1.03,0.0,1.03,1.03,truck_sensitivityFactor,1.06,0.0,1.06,1.06,truck_reactionTime,0.6,1.3,1.7,1.0,car_reactionTime,1.2,1.2,1.6,1.0,truck_maxAccel,1.65,0.5,0.6,1.8,car_speedAcceptance,1.1,0.1,0.85,1.1,RMS,23.321146299301162,29.795688163121898
193,car_sensitivityFactor,1.05,0.0,1.05,1.05,truck_sensitivityFactor,1.09,0.0,1.09,1.09,truck_reactionTime,0.4,1.3,1.7,1.0,car_reactionTime,1.2,1.2,1.6,1.0,truck_maxAccel,1.66,0.5,0.6,1.8,car_speedAcceptance,1.09,0.1,0.85,1.1,RMS,12.072398759253268,16.398663193435048
194,car_sensitivityFactor,1.06,0.0,1.06,1.06,truck_sensitivityFactor,1.06,0.0,1.06,1.06,truck_reactionTime,0.4,1.3,1.7,1.0,car_reactionTime,1.4,1.2,1.6,1.0,truck_maxAccel,1.67,0.5,0.6,1.8,car_speedAcceptance,1.1,0.1,0.85,1.1,RMS,38.835419565289612,80.043017107131192
195,car_sensitivityFactor,1.02,0.0,1.02,1.02,truck_sensitivityFactor,1.03,0.0,1.03,1.03,truck_reactionTime,0.4,1.3,1.7,1.0,car_reactionTime,1.6,1.2,1.6,1.0,truck_maxAccel,1.63,0.5,0.6,1.8,car_speedAcceptance,1.05,0.1,0.85,1.1,RMS,44.163958857516654,113.80099512343075
196,car_sensitivityFactor,1.03,0.0,1.03,1.03,truck_sensitivityFactor,1.04,0.0,1.04,1.04,truck_reactionTime,0.4,1.3,1.7,1.0,car_reactionTime,1.2,1.2,1.6,1.0,truck_maxAccel,1.66,0.5,0.6,1.8,car_speedAcceptance,1.08,0.1,0.85,1.1,RMS,14.821775207961453,19.415208283991234
197,car_sensitivityFactor,1.05,0.0,1.05,1.05,truck_sensitivityFactor,1.06,0.0,1.06,1.06,truck_reactionTime,0.4,1.3,1.7,1.0,car_reactionTime,1.2,1.2,1.6,1.0,truck_maxAccel,1.7,0.5,0.6,1.8,car_speedAcceptance,1.09,0.1,0.85,1.1,RMS,14.524444098622277,20.775795488494527
198,car_sensitivityFactor,1.03,0.0,1.03,1.03,truck_sensitivityFactor,1.04,0.0,1.04,1.04,truck_reactionTime,0.4,1.3,1.7,1.0,car_reactionTime,1.2,1.2,1.6,1.0,truck_maxAccel,1.66,0.5,0.6,1.8,car_speedAcceptance,1.1,0.1,0.85,1.1,RMS,16.156070137571469,29.195391866172894
199,car_sensitivityFactor,1.04,0.0,1.04,1.04,truck_sensitivityFactor,1.08,0.0,1.08,1.08,truck_reactionTime,0.4,1.3,1.7,1.0,car_reactionTime,1.2,1.2,1.6,1.0,truck_maxAccel,1.66,0.5,0.6,1.8,car_speedAcceptance,1.08,0.1,0.85,1.1,RMS,16.434496195030761,32.92138333691225
200,car_sensitivityFactor,1.05,0.0,1.05,1.05,truck_sensitivityFactor,1.06,0.0,1.06,1.06,truck_reactionTime,0.4,1.3,1.7,1.0,car_reactionTime,1.4,1.2,1.6,1.0,truck_maxAccel,1.66,0.5,0.6,1.8,car_speedAcceptance,1.09,0.1,0.85,1.1,RMS,36.129479307599951,62.50160489898159
201,car_sensitivityFactor,1.04,0.0,1.04,1.04,truck_sensitivityFactor,1.08,0.0,1.08,1.08,truck_reactionTime,1.6,1.3,1.7,1.0,car_reactionTime,1.2,1.2,1.6,1.0,truck_maxAccel,1.66,0.5,0.6,1.8,car_speedAcceptance,1.14,0.1,0.85,1.1,RMS,35.160568476357049,111.3352322310474
202,car_sensitivityFactor,1.04,0.0,1.04,1.04,truck_sensitivityFactor,1.07,0.0,1.07,1.07,truck_reactionTime,0.6,1.3,1.7,1.0,car_reactionTime,1.0,1.2,1.6,1.0,truck_maxAccel,1.67,0.5,0.6,1.8,car_speedAcceptance,1.1,0.1,0.85,1.1,RMS,36.562329986121547,54.998437647016274
203,car_sensitivityFactor,1.05,0.0,1.05,1.05,truck_sensitivityFactor,1.26,0.0,1.26,1.26,truck_reactionTime,0.6,1.3,1.7,1.0,car_reactionTime,1.0,1.2,1.6,1.0,truck_maxAccel,1.66,0.5,0.6,1.8,car_speedAcceptance,1.09,0.1,0.85,1.1,RMS,38.217302218119045,87.718555247354232
204,car_sensitivityFactor,0.93,0.0,0.93,0.93,truck_sensitivityFactor,1.3,0.0,1.3,1.3,truck_reactionTime,0.6,1.3,1.7,1.0,car_reactionTime,1.4,1.2,1.6,1.0,truck_maxAccel,1.56,0.5,0.6,1.8,car_speedAcceptance,1.11,0.1,0.85,1.1,RMS,36.656422613730371,76.802863011477143
205,car_sensitivityFactor,0.57,0.0,0.57,0.57,truck_sensitivityFactor,1.42,0.0,1.42,1.42,truck_reactionTime,0.6,1.3,1.7,1.0,car_reactionTime,1.6,1.2,1.6,1.0,truck_maxAccel,1.26,0.5,0.6,1.8,car_speedAcceptance,1.17,0.1,0.85,1.1,RMS,42.476579666427902,74.592066188724004
206,car_sensitivityFactor,0.73,0.0,0.73,0.73,truck_sensitivityFactor,1.38,0.0,1.38,1.38,truck_reactionTime,1.4,1.3,1.7,1.0,car_reactionTime,1.2,1.2,1.6,1.0,truck_maxAccel,1.61,0.5,0.6,1.8,car_speedAcceptance,1.12,0.1,0.85,1.1,RMS,39.09067896976606,80.352133667640402
207,car_sensitivityFactor,0.73,0.0,0.73,0.73,truck_sensitivityFactor,1.34,0.0,1.34,1.34,truck_reactionTime,0.6,1.3,1.7,1.0,car_reactionTime,1.4,1.2,1.6,1.0,truck_maxAccel,1.61,0.5,0.6,1.8,car_speedAcceptance,1.11,0.1,0.85,1.1,RMS,38.04213024007862,41.559293929647268
208,car_sensitivityFactor,0.93,0.0,0.93,0.93,truck_sensitivityFactor,1.34,0.0,1.34,1.34,truck_reactionTime,1.4,1.3,1.7,1.0,car_reactionTime,1.4,1.2,1.6,1.0,truck_maxAccel,1.66,0.5,0.6,1.8,car_speedAcceptance,1.1,0.1,0.85,1.1,RMS,33.57357414590799,135.79435030555925
209,car_sensitivityFactor,0.93,0.0,0.93,0.93,truck_sensitivityFactor,1.46,0.0,1.46,1.46,truck_reactionTime,1.6,1.3,1.7,1.0,car_reactionTime,1.4,1.2,1.6,1.0,truck_maxAccel,1.8,0.5,0.6,1.8,car_speedAcceptance,1.07,0.1,0.85,1.1,RMS,44.098978092334235,149.40400386341491
210,car_sensitivityFactor,0.73,0.0,0.73,0.73,truck_sensitivityFactor,1.26,0.0,1.26,1.26,truck_reactionTime,1.2,1.3,1.7,1.0,car_reactionTime,1.2,1.2,1.6,1.0,truck_maxAccel,0.96,0.5,0.6,1.8,car_speedAcceptance,1.11,0.1,0.85,1.1,RMS,32.676307724610432,77.002477687619205
211,car_sensitivityFactor,0.5,0.0,0.5,0.5,truck_sensitivityFactor,1.02,0.0,1.02,1.02,truck_reactionTime,0.6,1.3,1.7,1.0,car_reactionTime,0.6,1.2,1.6,1.0,truck_maxAccel,0.6,0.5,0.6,1.8,car_speedAcceptance,1.14,0.1,0.85,1.1,RMS,186.72586782725591,154.8173437586712
212,car_sensitivityFactor,1.25,0.0,1.25,1.25,truck_sensitivityFactor,1.26,0.0,1.26,1.26,truck_reactionTime,1.4,1.3,1.7,1.0,car_reactionTime,1.2,1.2,1.6,1.0,truck_maxAccel,1.51,0.5,0.6,1.8,car_speedAcceptance,1.11,0.1,0.85,1.1,RMS,46.365065044892738,147.79265855200975
213,car_sensitivityFactor,0.69,0.0,0.69,0.69,truck_sensitivityFactor,1.38,0.0,1.38,1.38,truck_reactionTime,1.6,1.3,1.7,1.0,car_reactionTime,1.2,1.2,1.6,1.0,truck_maxAccel,0.76,0.5,0.6,1.8,car_speedAcceptance,1.05,0.1,0.85,1.1,RMS,36.386476963673459,124.89795510186352
214,car_sensitivityFactor,0.89,0.0,0.89,0.89,truck_sensitivityFactor,1.5,0.0,1.5,1.5,truck_reactionTime,0.4,1.3,1.7,1.0,car_reactionTime,1.4,1.2,1.6,1.0,truck_maxAccel,1.56,0.5,0.6,1.8,car_speedAcceptance,1.08,0.1,0.85,1.1,RMS,35.565076646619545,55.407124497110772
215,car_sensitivityFactor,0.73,0.0,0.73,0.73,truck_sensitivityFactor,1.3,0.0,1.3,1.3,truck_reactionTime,1.4,1.3,1.7,1.0,car_reactionTime,1.6,1.2,1.6,1.0,truck_maxAccel,0.91,0.5,0.6,1.8,car_speedAcceptance,1.11,0.1,0.85,1.1,RMS,35.474445408404122,174.28873760645362
216,car_sensitivityFactor,0.5,0.0,0.5,0.5,truck_sensitivityFactor,1.1,0.0,1.1,1.1,truck_reactionTime,0.4,1.3,1.7,1.0,car_reactionTime,1.2,1.2,1.6,1.0,truck_maxAccel,1.21,0.5,0.6,1.8,car_speedAcceptance,1.1,0.1,0.85,1.1,RMS,146.02023610541835,107.77233581726844
217,car_sensitivityFactor,0.53,0.0,0.53,0.53,truck_sensitivityFactor,1.5,0.0,1.5,1.5,truck_reactionTime,1.6,1.3,1.7,1.0,car_reactionTime,1.0,1.2,1.6,1.0,truck_maxAccel,1.21,0.5,0.6,1.8,car_speedAcceptance,1.15,0.1,0.85,1.1,RMS,66.736073804390031,102.92751842787186
218,car_sensitivityFactor,0.68,0.0,0.68,0.68,truck_sensitivityFactor,0.83,0.0,0.83,0.83,truck_reactionTime,1.6,1.3,1.7,1.0,car_reactionTime,0.4,1.2,1.6,1.0,truck_maxAccel,0.6,0.5,0.6,1.8,car_speedAcceptance,1.24,0.1,0.85,1.1,RMS,75.476055622090925,60.739853563133543
219,car_sensitivityFactor,1.17,0.0,1.17,1.17,truck_sensitivityFactor,1.18,0.0,1.18,1.18,truck_reactionTime,1.4,1.3,1.7,1.0,car_reactionTime,1.2,1.2,1.6,1.0,truck_maxAccel,1.51,0.5,0.6,1.8,car_speedAcceptance,1.11,0.1,0.85,1.1,RMS,39.301158341432654,129.24145906428316
220,car_sensitivityFactor,0.65,0.0,0.65,0.65,truck_sensitivityFactor,1.02,0.0,1.02,1.02,truck_reactionTime,1.6,1.3,1.7,1.0,car_reactionTime,1.6,1.2,1.6,1.0,truck_maxAccel,0.76,0.5,0.6,1.8,car_speedAcceptance,1.14,0.1,0.85,1.1,RMS,43.536494195473772,165.728897964667
221,car_sensitivityFactor,0.77,0.0,0.77,0.77,truck_sensitivityFactor,1.38,0.0,1.38,1.38,truck_reactionTime,1.6,1.3,1.7,1.0,car_reactionTime,1.6,1.2,1.6,1.0,truck_maxAccel,1.06,0.5,0.6,1.8,car_speedAcceptance,1.09,0.1,0.85,1.1,RMS,30.711778887855463,173.72238035801138
222,car_sensitivityFactor,0.89,0.0,0.89,0.89,truck_sensitivityFactor,1.5,0.0,1.5,1.5,truck_reactionTime,1.6,1.3,1.7,1.0,car_reactionTime,1.6,1.2,1.6,1.0,truck_maxAccel,1.36,0.5,0.6,1.8,car_speedAcceptance,1.05,0.1,0.85,1.1,RMS,36.326982109756187,184.30788132350997
223,car_sensitivityFactor,0.93,0.0,0.93,0.93,truck_sensitivityFactor,0.94,0.0,0.94,0.94,truck_reactionTime,1.2,1.3,1.7,1.0,car_reactionTime,1.2,1.2,1.6,1.0,truck_maxAccel,0.91,0.5,0.6,1.8,car_speedAcceptance,1.24,0.1,0.85,1.1,RMS,35.994218103138628,82.249729904541397
224,car_sensitivityFactor,0.89,0.0,0.89,0.89,truck_sensitivityFactor,1.18,0.0,1.18,1.18,truck_reactionTime,1.6,1.3,1.7,1.0,car_reactionTime,1.6,1.2,1.6,1.0,truck_maxAccel,1.01,0.5,0.6,1.8,car_speedAcceptance,1.27,0.1,0.85,1.1,RMS,30.911372663699712,176.472476387174
225,car_sensitivityFactor,0.85,0.0,0.85,0.85,truck_sensitivityFactor,1.22,0.0,1.22,1.22,truck_reactionTime,1.6,1.3,1.7,1.0,car_reactionTime,1.6,1.2,1.6,1.0,truck_maxAccel,1.8,0.5,0.6,1.8,car_speedAcceptance,1.08,0.1,0.85,1.1,RMS,34.740808968635399,155.39092824887737
226,car_sensitivityFactor,0.93,0.0,0.93,0.93,truck_sensitivityFactor,1.1,0.0,1.1,1.1,truck_reactionTime,0.4,1.3,1.7,1.0,car_reactionTime,1.6,1.2,1.6,1.0,truck_maxAccel,0.96,0.5,0.6,1.8,car_speedAcceptance,1.07,0.1,0.85,1.1,RMS,48.988728435408795,133.40545581835607
227,car_sensitivityFactor,1.17,0.0,1.17,1.17,truck_sensitivityFactor,1.46,0.0,1.46,1.46,truck_reactionTime,1.6,1.3,1.7,1.0,car_reactionTime,1.6,1.2,1.6,1.0,truck_maxAccel,0.86,0.5,0.6,1.8,car_speedAcceptance,1.05,0.1,0.85,1.1,RMS,51.995303359966698,227.32882595091951
228,car_sensitivityFactor,0.5,0.0,0.5,0.5,truck_sensitivityFactor,1.5,0.0,1.5,1.5,truck_reactionTime,0.4,1.3,1.7,1.0,car_reactionTime,1.6,1.2,1.6,1.0,truck_maxAccel,1.21,0.5,0.6,1.8,car_speedAcceptance,1.13,0.1,0.85,1.1,RMS,45.564285620147309,55.925239892059174
229,car_sensitivityFactor,0.5,0.0,0.5,0.5,truck_sensitivityFactor,0.98,0.0,0.98,0.98,truck_reactionTime,1.6,1.3,1.7,1.0,car_reactionTime,1.6,1.2,1.6,1.0,truck_maxAccel,0.96,0.5,0.6,1.8,car_speedAcceptance,1.06,0.1,0.85,1.1,RMS,46.511813387470291,154.3581486179132
230,car_sensitivityFactor,0.74,0.0,0.74,0.74,truck_sensitivityFactor,1.43,0.0,1.43,1.43,truck_reactionTime,1.6,1.3,1.7,1.0,car_reactionTime,0.4,1.2,1.6,1.0,truck_maxAccel,1.09,0.5,0.6,1.8,car_speedAcceptance,1.1,0.1,0.85,1.1,RMS,105.82265720989014,114.59992884011098
231,car_sensitivityFactor,0.93,0.0,0.93,0.93,truck_sensitivityFactor,0.94,0.0,0.94,0.94,truck_reactionTime,1.2,1.3,1.7,1.0,car_reactionTime,1.2,1.2,1.6,1.0,truck_maxAccel,0.91,0.5,0.6,1.8,car_speedAcceptance,1.22,0.1,0.85,1.1,RMS,34.820062310790725,87.432656134612785
232,car_sensitivityFactor,0.5,0.0,0.5,0.5,truck_sensitivityFactor,1.46,0.0,1.46,1.46,truck_reactionTime,1.6,1.3,1.7,1.0,car_reactionTime,1.4,1.2,1.6,1.0,truck_maxAccel,0.81,0.5,0.6,1.8,car_speedAcceptance,1.1,0.1,0.85,1.1,RMS,43.891278962961707,142.45178039549691
233,car_sensitivityFactor,0.77,0.0,0.77,0.77,truck_sensitivityFactor,1.38,0.0,1.38,1.38,truck_reactionTime,1.6,1.3,1.7,1.0,car_reactionTime,1.6,1.2,1.6,1.0,truck_maxAccel,1.11,0.5,0.6,1.8,car_speedAcceptance,1.09,0.1,0.85,1.1,RMS,31.935895064705324,167.37827766152887
234,car_sensitivityFactor,0.81,0.0,0.81,0.81,truck_sensitivityFactor,1.42,0.0,1.42,1.42,truck_reactionTime,1.6,1.3,1.7,1.0,car_reactionTime,1.6,1.2,1.6,1.0,truck_maxAccel,0.96,0.5,0.6,1.8,car_speedAcceptance,1.09,0.1,0.85,1.1,RMS,30.862158248986063,183.64274559390719
235,car_sensitivityFactor,0.97,0.0,0.97,0.97,truck_sensitivityFactor,1.5,0.0,1.5,1.5,truck_reactionTime,1.6,1.3,1.7,1.0,car_reactionTime,1.2,1.2,1.6,1.0,truck_maxAccel,0.81,0.5,0.6,1.8,car_speedAcceptance,1.12,0.1,0.85,1.1,RMS,55.561499988736038,172.06552624803408
236,car_sensitivityFactor,0.81,0.0,0.81,0.81,truck_sensitivityFactor,1.42,0.0,1.42,1.42,truck_reactionTime,1.6,1.3,1.7,1.0,car_reactionTime,1.6,1.2,1.6,1.0,truck_maxAccel,0.91,0.5,0.6,1.8,car_speedAcceptance,1.05,0.1,0.85,1.1,RMS,30.735523834823091,183.65435443643736
237,car_sensitivityFactor,0.85,0.0,0.85,0.85,truck_sensitivityFactor,1.1,0.0,1.1,1.1,truck_reactionTime,1.6,1.3,1.7,1.0,car_reactionTime,1.4,1.2,1.6,1.0,truck_maxAccel,0.76,0.5,0.6,1.8,car_speedAcceptance,1.1,0.1,0.85,1.1,RMS,36.581384450850635,153.76882325388536
238,car_sensitivityFactor,0.82,0.0,0.82,0.82,truck_sensitivityFactor,1.06,0.0,1.06,1.06,truck_reactionTime,0.4,1.3,1.7,1.0,car_reactionTime,1.6,1.2,1.6,1.0,truck_maxAccel,1.57,0.5,0.6,1.8,car_speedAcceptance,1.05,0.1,0.85,1.1,RMS,42.575442343573044,77.608574819079024
239,car_sensitivityFactor,0.77,0.0,0.77,0.77,truck_sensitivityFactor,1.14,0.0,1.14,1.14,truck_reactionTime,1.2,1.3,1.7,1.0,car_reactionTime,1.0,1.2,1.6,1.0,truck_maxAccel,1.01,0.5,0.6,1.8,car_speedAcceptance,1.14,0.1,0.85,1.1,RMS,32.530651115200797,35.901149156395178
240,car_sensitivityFactor,0.77,0.0,0.77,0.77,truck_sensitivityFactor,1.42,0.0,1.42,1.42,truck_reactionTime,1.6,1.3,1.7,1.0,car_reactionTime,1.6,1.2,1.6,1.0,truck_maxAccel,1.11,0.5,0.6,1.8,car_speedAcceptance,1.09,0.1,0.85,1.1,RMS,30.80340597704733,175.29276163916157
241,car_sensitivityFactor,0.73,0.0,0.73,0.73,truck_sensitivityFactor,1.5,0.0,1.5,1.5,truck_reactionTime,1.6,1.3,1.7,1.0,car_reactionTime,1.4,1.2,1.6,1.0,truck_maxAccel,1.06,0.5,0.6,1.8,car_speedAcceptance,1.09,0.1,0.85,1.1,RMS,33.914102420343646,144.0053601660523
242,car_sensitivityFactor,0.97,0.0,0.97,0.97,truck_sensitivityFactor,1.42,0.0,1.42,1.42,truck_reactionTime,1.6,1.3,1.7,1.0,car_reactionTime,1.6,1.2,1.6,1.0,truck_maxAccel,1.11,0.5,0.6,1.8,car_speedAcceptance,1.09,0.1,0.85,1.1,RMS,44.204087507495117,202.62616522447053
243,car_sensitivityFactor,0.77,0.0,0.77,0.77,truck_sensitivityFactor,1.38,0.0,1.38,1.38,truck_reactionTime,1.6,1.3,1.7,1.0,car_reactionTime,1.6,1.2,1.6,1.0,truck_maxAccel,1.06,0.5,0.6,1.8,car_speedAcceptance,1.14,0.1,0.85,1.1,RMS,32.731475904610278,175.56965174915098
244,car_sensitivityFactor,0.77,0.0,0.77,0.77,truck_sensitivityFactor,1.38,0.0,1.38,1.38,truck_reactionTime,0.6,1.3,1.7,1.0,car_reactionTime,1.6,1.2,1.6,1.0,truck_maxAccel,1.06,0.5,0.6,1.8,car_speedAcceptance,1.09,0.1,0.85,1.1,RMS,42.973664183092382,128.18749359700359
245,car_sensitivityFactor,0.81,0.0,0.81,0.81,truck_sensitivityFactor,1.42,0.0,1.42,1.42,truck_reactionTime,1.6,1.3,1.7,1.0,car_reactionTime,1.6,1.2,1.6,1.0,truck_maxAccel,0.81,0.5,0.6,1.8,car_speedAcceptance,1.09,0.1,0.85,1.1,RMS,34.039203562056578,190.2141873500874
246,car_sensitivityFactor,0.77,0.0,0.77,0.77,truck_sensitivityFactor,1.13,0.0,1.13,1.13,truck_reactionTime,1.6,1.3,1.7,1.0,car_reactionTime,0.6,1.2,1.6,1.0,truck_maxAccel,1.26,0.5,0.6,1.8,car_speedAcceptance,1.09,0.1,0.85,1.1,RMS,49.336428662816559,68.236039147162103
247,car_sensitivityFactor,0.65,0.0,0.65,0.65,truck_sensitivityFactor,1.3,0.0,1.3,1.3,truck_reactionTime,1.4,1.3,1.7,1.0,car_reactionTime,1.4,1.2,1.6,1.0,truck_maxAccel,0.96,0.5,0.6,1.8,car_speedAcceptance,1.1,0.1,0.85,1.1,RMS,36.510553982209466,122.18578409699983
248,car_sensitivityFactor,0.73,0.0,0.73,0.73,truck_sensitivityFactor,1.42,0.0,1.42,1.42,truck_reactionTime,1.6,1.3,1.7,1.0,car_reactionTime,1.6,1.2,1.6,1.0,truck_maxAccel,1.01,0.5,0.6,1.8,car_speedAcceptance,1.08,0.1,0.85,1.1,RMS,31.878172032296696,177.71527808636665
249,car_sensitivityFactor,0.73,0.0,0.73,0.73,truck_sensitivityFactor,1.34,0.0,1.34,1.34,truck_reactionTime,1.6,1.3,1.7,1.0,car_reactionTime,1.6,1.2,1.6,1.0,truck_maxAccel,1.01,0.5,0.6,1.8,car_speedAcceptance,1.11,0.1,0.85,1.1,RMS,35.407194269471979,173.38162827070158
250,car_sensitivityFactor,0.73,0.0,0.73,0.73,truck_sensitivityFactor,1.34,0.0,1.34,1.34,truck_reactionTime,1.6,1.3,1.7,1.0,car_reactionTime,1.6,1.2,1.6,1.0,truck_maxAccel,1.16,0.5,0.6,1.8,car_speedAcceptance,1.08,0.1,0.85,1.1,RMS,34.722718593704904,166.16128106980966
251,car_sensitivityFactor,0.81,0.0,0.81,0.81,truck_sensitivityFactor,1.42,0.0,1.42,1.42,truck_reactionTime,1.6,1.3,1.7,1.0,car_reactionTime,1.6,1.2,1.6,1.0,truck_maxAccel,1.11,0.5,0.6,1.8,car_speedAcceptance,1.1,0.1,0.85,1.1,RMS,30.646044066078641,176.79390974875099
252,car_sensitivityFactor,0.93,0.0,0.93,0.93,truck_sensitivityFactor,1.5,0.0,1.5,1.5,truck_reactionTime,1.6,1.3,1.7,1.0,car_reactionTime,1.6,1.2,1.6,1.0,truck_maxAccel,1.26,0.5,0.6,1.8,car_speedAcceptance,1.13,0.1,0.85,1.1,RMS,41.909131056091937,193.15233477995295
253,car_sensitivityFactor,0.89,0.0,0.89,0.89,truck_sensitivityFactor,1.18,0.0,1.18,1.18,truck_reactionTime,1.2,1.3,1.7,1.0,car_reactionTime,1.2,1.2,1.6,1.0,truck_maxAccel,1.36,0.5,0.6,1.8,car_speedAcceptance,1.14,0.1,0.85,1.1,RMS,36.701999258265005,78.460902964673267
254,car_sensitivityFactor,0.73,0.0,0.73,0.73,truck_sensitivityFactor,1.5,0.0,1.5,1.5,truck_reactionTime,1.6,1.3,1.7,1.0,car_reactionTime,1.6,1.2,1.6,1.0,truck_maxAccel,1.06,0.5,0.6,1.8,car_speedAcceptance,1.14,0.1,0.85,1.1,RMS,32.267681356535405,172.63887593668505
255,car_sensitivityFactor,0.81,0.0,0.81,0.81,truck_sensitivityFactor,1.46,0.0,1.46,1.46,truck_reactionTime,1.6,1.3,1.7,1.0,car_reactionTime,1.6,1.2,1.6,1.0,truck_maxAccel,1.36,0.5,0.6,1.8,car_speedAcceptance,1.11,0.1,0.85,1.1,RMS,33.884206112242097,170.02247697324538
256,car_sensitivityFactor,0.77,0.0,0.77,0.77,truck_sensitivityFactor,1.5,0.0,1.5,1.5,truck_reactionTime,1.6,1.3,1.7,1.0,car_reactionTime,1.6,1.2,1.6,1.0,truck_maxAccel,1.06,0.5,0.6,1.8,car_speedAcceptance,1.08,0.1,0.85,1.1,RMS,31.224091311416867,182.96921727944709
257,car_sensitivityFactor,0.65,0.0,0.65,0.65,truck_sensitivityFactor,1.34,0.0,1.34,1.34,truck_reactionTime,1.6,1.3,1.7,1.0,car_reactionTime,1.6,1.2,1.6,1.0,truck_maxAccel,1.11,0.5,0.6,1.8,car_speedAcceptance,1.09,0.1,0.85,1.1,RMS,35.309887247973556,166.04119592289351
258,car_sensitivityFactor,0.81,0.0,0.81,0.81,truck_sensitivityFactor,1.42,0.0,1.42,1.42,truck_reactionTime,0.6,1.3,1.7,1.0,car_reactionTime,1.6,1.2,1.6,1.0,truck_maxAccel,1.11,0.5,0.6,1.8,car_speedAcceptance,1.1,0.1,0.85,1.1,RMS,46.925904662260358,136.45257114479003
259,car_sensitivityFactor,0.81,0.0,0.81,0.81,truck_sensitivityFactor,1.42,0.0,1.42,1.42,truck_reactionTime,1.6,1.3,1.7,1.0,car_reactionTime,0.6,1.2,1.6,1.0,truck_maxAccel,1.11,0.5,0.6,1.8,car_speedAcceptance,1.1,0.1,0.85,1.1,RMS,73.062276903663644,97.191996864982457
260,car_sensitivityFactor,0.85,0.0,0.85,0.85,truck_sensitivityFactor,1.25,0.0,1.25,1.25,truck_reactionTime,1.6,1.3,1.7,1.0,car_reactionTime,1.6,1.2,1.6,1.0,truck_maxAccel,1.15,0.5,0.6,1.8,car_speedAcceptance,1.18,0.1,0.85,1.1,RMS,30.387997294277948,175.65694580508398
261,car_sensitivityFactor,0.81,0.0,0.81,0.81,truck_sensitivityFactor,1.13,0.0,1.13,1.13,truck_reactionTime,1.2,1.3,1.7,1.0,car_reactionTime,1.2,1.2,1.6,1.0,truck_maxAccel,0.9,0.5,0.6,1.8,car_speedAcceptance,1.24,0.1,0.85,1.1,RMS,37.063922670466859,79.869278064595804
262,car_sensitivityFactor,1.25,0.0,1.25,1.25,truck_sensitivityFactor,1.25,0.0,1.25,1.25,truck_reactionTime,1.6,1.3,1.7,1.0,car_reactionTime,1.2,1.2,1.6,1.0,truck_maxAccel,1.2,0.5,0.6,1.8,car_speedAcceptance,1.18,0.1,0.85,1.1,RMS,47.953984935417154,162.76203318851327
263,car_sensitivityFactor,0.85,0.0,0.85,0.85,truck_sensitivityFactor,1.25,0.0,1.25,1.25,truck_reactionTime,1.6,1.3,1.7,1.0,car_reactionTime,1.4,1.2,1.6,1.0,truck_maxAccel,1.2,0.5,0.6,1.8,car_speedAcceptance,1.28,0.1,0.85,1.1,RMS,30.57568837421508,144.753515018716
264,car_sensitivityFactor,0.93,0.0,0.93,0.93,truck_sensitivityFactor,1.13,0.0,1.13,1.13,truck_reactionTime,1.0,1.3,1.7,1.0,car_reactionTime,1.6,1.2,1.6,1.0,truck_maxAccel,0.85,0.5,0.6,1.8,car_speedAcceptance,1.19,0.1,0.85,1.1,RMS,48.442326456000139,176.59032301283742
265,car_sensitivityFactor,0.85,0.0,0.85,0.85,truck_sensitivityFactor,1.25,0.0,1.25,1.25,truck_reactionTime,1.6,1.3,1.7,1.0,car_reactionTime,1.6,1.2,1.6,1.0,truck_maxAccel,1.1,0.5,0.6,1.8,car_speedAcceptance,1.18,0.1,0.85,1.1,RMS,30.917486419202909,172.93156668603748
266,car_sensitivityFactor,0.85,0.0,0.85,0.85,truck_sensitivityFactor,0.89,0.0,0.89,0.89,truck_reactionTime,1.6,1.3,1.7,1.0,car_reactionTime,1.0,1.2,1.6,1.0,truck_maxAccel,1.2,0.5,0.6,1.8,car_speedAcceptance,1.18,0.1,0.85,1.1,RMS,39.054817059817893,63.32993444335068
267,car_sensitivityFactor,0.89,0.0,0.89,0.89,truck_sensitivityFactor,1.21,0.0,1.21,1.21,truck_reactionTime,1.4,1.3,1.7,1.0,car_reactionTime,1.6,1.2,1.6,1.0,truck_maxAccel,1.5,0.5,0.6,1.8,car_speedAcceptance,1.19,0.1,0.85,1.1,RMS,28.828870015997769,158.85008909751963
268,car_sensitivityFactor,1.01,0.0,1.01,1.01,truck_sensitivityFactor,1.09,0.0,1.09,1.09,truck_reactionTime,0.8,1.3,1.7,1.0,car_reactionTime,1.6,1.2,1.6,1.0,truck_maxAccel,1.8,0.5,0.6,1.8,car_speedAcceptance,1.22,0.1,0.85,1.1,RMS,40.720683334216517,134.8554817606979
269,car_sensitivityFactor,0.77,0.0,0.77,0.77,truck_sensitivityFactor,1.17,0.0,1.17,1.17,truck_reactionTime,1.2,1.3,1.7,1.0,car_reactionTime,1.2,1.2,1.6,1.0,truck_maxAccel,0.9,0.5,0.6,1.8,car_speedAcceptance,1.24,0.1,0.85,1.1,RMS,36.377469904988871,79.063972441842253
270,car_sensitivityFactor,0.97,0.0,0.97,0.97,truck_sensitivityFactor,1.25,0.0,1.25,1.25,truck_reactionTime,1.6,1.3,1.7,1.0,car_reactionTime,1.2,1.2,1.6,1.0,truck_maxAccel,1.55,0.5,0.6,1.8,car_speedAcceptance,1.05,0.1,0.85,1.1,RMS,37.903963465235627,122.32994591053139
271,car_sensitivityFactor,0.5,0.0,0.5,0.5,truck_sensitivityFactor,0.97,0.0,0.97,0.97,truck_reactionTime,1.6,1.3,1.7,1.0,car_reactionTime,1.6,1.2,1.6,1.0,truck_maxAccel,1.3,0.5,0.6,1.8,car_speedAcceptance,1.18,0.1,0.85,1.1,RMS,49.002867113358164,141.04815223071694
272,car_sensitivityFactor,0.65,0.0,0.65,0.65,truck_sensitivityFactor,1.09,0.0,1.09,1.09,truck_reactionTime,0.6,1.3,1.7,1.0,car_reactionTime,1.6,1.2,1.6,1.0,truck_maxAccel,1.8,0.5,0.6,1.8,car_speedAcceptance,1.18,0.1,0.85,1.1,RMS,44.801390486685072,56.005946272548755
273,car_sensitivityFactor,0.57,0.0,0.57,0.57,truck_sensitivityFactor,1.5,0.0,1.5,1.5,truck_reactionTime,0.4,1.3,1.7,1.0,car_reactionTime,1.6,1.2,1.6,1.0,truck_maxAccel,1.35,0.5,0.6,1.8,car_speedAcceptance,1.18,0.1,0.85,1.1,RMS,43.831568013884208,57.492963218278966
274,car_sensitivityFactor,1.37,0.0,1.37,1.37,truck_sensitivityFactor,1.49,0.0,1.49,1.49,truck_reactionTime,1.6,1.3,1.7,1.0,car_reactionTime,1.6,1.2,1.6,1.0,truck_maxAccel,1.75,0.5,0.6,1.8,car_speedAcceptance,1.21,0.1,0.85,1.1,RMS,56.881455985462082,212.96066228242131
275,car_sensitivityFactor,1.02,0.0,1.02,1.02,truck_sensitivityFactor,1.23,0.0,1.23,1.23,truck_reactionTime,1.6,1.3,1.7,1.0,car_reactionTime,0.4,1.2,1.6,1.0,truck_maxAccel,1.2,0.5,0.6,1.8,car_speedAcceptance,1.22,0.1,0.85,1.1,RMS,57.806626352303596,79.739551687728806
276,car_sensitivityFactor,1.04,0.0,1.04,1.04,truck_sensitivityFactor,1.07,0.0,1.07,1.07,truck_reactionTime,0.4,1.3,1.7,1.0,car_reactionTime,1.2,1.2,1.6,1.0,truck_maxAccel,1.66,0.5,0.6,1.8,car_speedAcceptance,1.08,0.1,0.85,1.1,RMS,17.778611048431106,28.453381763483087
277,car_sensitivityFactor,1.04,0.0,1.04,1.04,truck_sensitivityFactor,1.05,0.0,1.05,1.05,truck_reactionTime,0.4,1.3,1.7,1.0,car_reactionTime,1.2,1.2,1.6,1.0,truck_maxAccel,1.66,0.5,0.6,1.8,car_speedAcceptance,1.1,0.1,0.85,1.1,RMS,12.245835507778795,20.600577405136804
278,car_sensitivityFactor,1.05,0.0,1.05,1.05,truck_sensitivityFactor,1.06,0.0,1.06,1.06,truck_reactionTime,0.4,1.3,1.7,1.0,car_reactionTime,1.2,1.2,1.6,1.0,truck_maxAccel,1.68,0.5,0.6,1.8,car_speedAcceptance,1.09,0.1,0.85,1.1,RMS,15.301370696822845,22.08313614029235
279,car_sensitivityFactor,1.05,0.0,1.05,1.05,truck_sensitivityFactor,1.06,0.0,1.06,1.06,truck_reactionTime,0.6,1.3,1.7,1.0,car_reactionTime,1.2,1.2,1.6,1.0,truck_maxAccel,1.66,0.5,0.6,1.8,car_speedAcceptance,1.09,0.1,0.85,1.1,RMS,32.061055939839676,44.69808936310455
280,car_sensitivityFactor,1.06,0.0,1.06,1.06,truck_sensitivityFactor,1.06,0.0,1.06,1.06,truck_reactionTime,0.4,1.3,1.7,1.0,car_reactionTime,1.4,1.2,1.6,1.0,truck_maxAccel,1.66,0.5,0.6,1.8,car_speedAcceptance,1.09,0.1,0.85,1.1,RMS,37.291772971838355,61.539787004030856
281,car_sensitivityFactor,1.05,0.0,1.05,1.05,truck_sensitivityFactor,1.05,0.0,1.05,1.05,truck_reactionTime,0.4,1.3,1.7,1.0,car_reactionTime,1.4,1.2,1.6,1.0,truck_maxAccel,1.66,0.5,0.6,1.8,car_speedAcceptance,1.08,0.1,0.85,1.1,RMS,39.387363775141566,72.757895697641246
282,car_sensitivityFactor,1.05,0.0,1.05,1.05,truck_sensitivityFactor,1.08,0.0,1.08,1.08,truck_reactionTime,0.4,1.3,1.7,1.0,car_reactionTime,0.4,1.2,1.6,1.0,truck_maxAccel,1.64,0.5,0.6,1.8,car_speedAcceptance,1.13,0.1,0.85,1.1,RMS,187.61208332580441,157.26508882591838
